"Name","Team","G","PA","HR","R","RBI","SB","BB%","K%","ISO","BABIP","AVG","OBP","SLG","wOBA","wRC+","BsR","Off","Def","WAR","playerid"
"Mike Trout","Angels","159","681","29","123","100","30","17.0%","20.1%",".235",".371",".315",".441",".550",".418","170","9.6","67.0","4.3","9.7","10155"
"Mookie Betts","Red Sox","158","730","31","122","113","26","6.7%","11.0%",".216",".322",".318",".363",".534",".379","136","10.6","41.8","14.0","8.3","13611"
"Kris Bryant","Cubs","155","699","39","121","102","8","10.7%","22.0%",".262",".332",".292",".385",".554",".396","148","7.1","48.7","6.3","7.9","15429"
"Josh Donaldson","Blue Jays","155","700","37","122","99","7","15.6%","17.0%",".265",".300",".284",".404",".549",".403","157","0.0","47.6","2.7","7.6","5038"
"Corey Seager","Dodgers","157","687","26","105","72","3","7.9%","19.4%",".204",".355",".308",".365",".512",".372","136","2.4","33.0","13.4","6.9","13624"
"Jose Altuve","Astros","161","717","24","108","96","30","8.4%","9.8%",".194",".347",".338",".396",".531",".391","152","0.4","45.1","-3.1","6.8","5417"
"Buster Posey","Giants","146","614","14","82","80","6","10.4%","11.1%",".147",".303",".288",".362",".434",".341","114","-3.3","7.3","39.5","6.7","9166"
"Manny Machado","Orioles","157","696","37","105","96","0","6.9%","17.2%",".239",".309",".294",".343",".533",".366","131","0.1","25.7","12.3","6.3","11493"
"Robinson Cano","Mariners","161","715","39","107","103","0","6.6%","14.0%",".235",".299",".298",".350",".533",".370","139","-2.0","31.3","5.8","6.3","3269"
"Brian Dozier","Twins","155","691","42","104","99","18","8.8%","20.0%",".278",".280",".268",".340",".546",".370","132","5.4","31.5","6.0","6.3","9810"
"Freddie Freeman","Braves","158","693","34","102","91","6","12.8%","24.7%",".267",".370",".302",".400",".569",".402","152","0.9","45.3","-7.1","6.1","5361"
"Adam Eaton","White Sox","157","706","14","91","59","14","8.9%","16.3%",".144",".329",".284",".362",".428",".344","117","4.5","19.0","14.4","5.9","11205"
"Yasmani Grandal","Dodgers","126","457","27","49","72","1","14.0%","25.4%",".249",".250",".228",".339",".477",".350","121","-5.6","6.4","36.0","5.8","11368"
"Daniel Murphy","Nationals","142","582","25","88","104","5","6.0%","9.8%",".249",".348",".347",".390",".595",".408","154","3.2","42.2","-5.4","5.6","4316"
"Francisco Lindor","Indians","158","684","15","99","78","19","8.3%","12.9%",".134",".324",".301",".358",".435",".340","109","0.8","8.6","21.6","5.5","12916"
"Adrian Beltre","Rangers","153","640","32","89","104","1","7.5%","10.3%",".221",".293",".300",".358",".521",".371","127","-1.1","19.8","11.5","5.5","639"
"Ian Kinsler","Tigers","153","679","28","117","83","14","6.6%","16.9%",".196",".314",".288",".348",".484",".356","124","3.9","23.6","5.9","5.4","6195"
"Christian Yelich","Marlins","155","659","21","78","98","9","10.9%","20.9%",".185",".356",".298",".376",".483",".367","134","2.3","29.7","2.5","5.4","11477"
"Jackie Bradley Jr.","Red Sox","156","636","26","94","87","9","9.9%","22.5%",".219",".312",".267",".349",".486",".354","118","5.1","19.1","10.5","5.3","12984"
"Brandon Crawford","Giants","155","623","12","67","84","7","9.1%","18.5%",".156",".322",".275",".342",".430",".327","104","3.6","7.0","24.8","5.2","5343"
"Joey Votto","Reds","158","677","29","101","97","8","16.0%","17.7%",".225",".366",".326",".434",".550",".413","158","-3.0","45.1","-15.4","5.2","4314"
"Kyle Seager","Mariners","158","676","30","89","99","3","10.2%","16.0%",".221",".295",".278",".359",".499",".363","134","-2.1","25.2","2.1","5.2","9785"
"Carlos Correa","Astros","153","660","20","76","96","13","11.4%","21.1%",".177",".328",".274",".361",".451",".349","123","3.8","22.3","5.4","5.2","14162"
"Jean Segura","Diamondbacks","153","694","20","102","64","33","5.6%","14.6%",".181",".353",".319",".368",".499",".371","126","5.0","27.4","0.3","5.0","5933"
"Nolan Arenado","Rockies","160","696","41","116","133","2","9.8%","14.8%",".275",".293",".294",".362",".570",".386","126","-0.9","21.7","5.7","5.0","9777"
"George Springer","Astros","162","744","29","116","82","9","11.8%","23.9%",".196",".317",".261",".359",".457",".353","126","-0.3","23.0","0.2","5.0","12856"
"Justin Turner","Dodgers","151","622","27","79","90","4","7.7%","17.2%",".218",".293",".275",".339",".493",".353","123","0.2","18.0","11.1","5.0","5235"
"Dustin Pedroia","Red Sox","154","698","15","105","74","7","8.7%","10.5%",".131",".339",".318",".376",".449",".358","121","-4.3","13.2","11.1","4.9","8370"
"Paul Goldschmidt","Diamondbacks","158","705","24","106","95","32","15.6%","21.3%",".192",".358",".297",".411",".489",".382","133","5.2","34.2","-8.1","4.9","9218"
"Anthony Rizzo","Cubs","155","676","32","94","109","3","10.9%","16.0%",".252",".309",".292",".385",".544",".391","145","-2.7","34.6","-8.0","4.9","3473"
"Xander Bogaerts","Red Sox","157","719","21","115","89","13","8.1%","17.1%",".152",".335",".294",".356",".446",".348","114","6.0","17.9","4.7","4.9","12161"
"Miguel Cabrera","Tigers","158","679","38","92","108","0","11.0%","17.1%",".247",".336",".316",".393",".563",".399","153","-9.6","33.7","-9.8","4.8","1744"
"Jason Kipnis","Indians","156","688","23","91","82","15","8.7%","21.2%",".193",".324",".275",".343",".469",".347","114","0.8","12.5","10.0","4.7","9776"
"Charlie Blackmon","Rockies","143","641","29","111","82","17","6.7%","15.9%",".228",".350",".324",".381",".552",".394","132","2.9","27.8","-1.9","4.7","7859"
"Jose Ramirez","Indians","152","618","11","84","76","22","7.1%","10.0%",".150",".333",".312",".363",".462",".355","119","8.6","22.9","1.6","4.7","13510"
"Jonathan Lucroy","- - -","142","544","24","67","81","5","8.6%","18.4%",".208",".322",".292",".355",".500",".362","123","-0.5","14.5","12.7","4.6","7870"
"Dexter Fowler","Cubs","125","551","13","84","48","13","14.3%","22.5%",".171",".350",".276",".393",".447",".367","129","6.1","25.6","1.9","4.6","4062"
"David Ortiz","Red Sox","151","626","38","79","127","2","12.8%","13.7%",".305",".312",".315",".401",".620",".419","163","-9.8","37.5","-15.1","4.5","745"
"Evan Longoria","Rays","160","685","36","81","98","0","6.1%","21.0%",".248",".298",".273",".318",".521",".350","123","0.1","18.7","1.5","4.5","9368"
"DJ LeMahieu","Rockies","146","635","11","104","66","11","10.4%","12.6%",".147",".388",".348",".416",".495",".391","130","0.1","23.5","-0.3","4.4","9874"
"Nelson Cruz","Mariners","155","667","43","96","105","2","9.3%","23.8%",".268",".320",".287",".360",".555",".383","148","-3.2","35.0","-15.3","4.4","2434"
"Anthony Rendon","Nationals","156","647","20","91","85","12","10.0%","18.1%",".180",".304",".270",".348",".450",".342","110","3.2","11.4","10.3","4.3","12861"
"Kevin Kiermaier","Rays","105","414","12","55","37","21","9.7%","17.9%",".164",".278",".246",".331",".410",".323","104","6.6","8.6","16.7","4.0","11038"
"Ben Zobrist","Cubs","147","631","18","94","76","6","15.2%","13.0%",".174",".290",".272",".386",".446",".360","124","1.8","20.5","-1.4","4.0","7435"
"Edwin Encarnacion","Blue Jays","160","702","42","99","127","2","12.4%","19.7%",".266",".270",".263",".357",".529",".373","136","-2.3","28.2","-13.7","4.0","2151"
"Brandon Belt","Giants","156","655","17","77","82","0","15.9%","22.6%",".199",".346",".275",".394",".474",".374","136","-3.0","26.1","-8.6","3.9","10264"
"Cesar Hernandez","Phillies","155","622","6","67","39","17","10.6%","18.6%",".099",".363",".294",".371",".393",".335","107","0.8","6.6","11.6","3.8","10556"
"Martin Prado","Marlins","153","658","8","70","75","2","7.4%","10.5%",".112",".331",".305",".359",".417",".335","112","-1.9","8.0","8.9","3.8","3312"
"Yoenis Cespedes","Mets","132","543","31","72","86","3","9.4%","19.9%",".251",".298",".280",".354",".530",".369","136","-0.5","23.4","-3.7","3.7","13110"
"Odubel Herrera","Phillies","159","656","15","87","49","25","9.6%","20.4%",".134",".349",".286",".361",".420",".338","110","2.3","10.0","6.0","3.7","11476"
"Starling Marte","Pirates","129","529","9","71","46","47","4.3%","19.7%",".145",".380",".311",".362",".456",".351","120","6.8","19.6","0.3","3.7","9241"
"Wilson Ramos","Nationals","131","523","22","58","80","0","6.7%","15.1%",".189",".327",".307",".354",".496",".361","123","-6.7","8.1","11.0","3.6","1433"
"Neil Walker","Mets","113","458","23","57","55","3","9.2%","18.3%",".194",".302",".282",".347",".476",".351","124","-1.6","11.7","9.3","3.6","7539"
"Russell Martin","Blue Jays","137","535","20","62","74","2","12.0%","27.7%",".167",".291",".231",".335",".398",".322","101","-1.8","-1.3","17.8","3.6","4616"
"Asdrubal Cabrera","Mets","141","568","23","65","62","5","6.7%","18.1%",".194",".310",".280",".336",".474",".345","120","-3.8","10.1","7.1","3.6","4962"
"Joc Pederson","Dodgers","137","476","25","64","68","6","13.2%","27.3%",".249",".296",".246",".352",".495",".360","128","0.2","16.5","3.4","3.5","11899"
"Yadier Molina","Cardinals","147","581","8","56","58","3","6.7%","10.8%",".120",".335",".307",".360",".427",".342","114","-7.5","2.3","14.0","3.5","7007"
"Ian Desmond","Rangers","156","677","22","107","86","21","6.5%","23.6%",".162",".350",".285",".335",".446",".336","103","5.6","7.8","2.9","3.5","6885"
"Kole Calhoun","Angels","157","672","18","91","75","2","10.0%","17.6%",".167",".309",".271",".348",".438",".340","117","1.5","14.9","-4.1","3.5","11200"
"Wil Myers","Padres","157","676","28","99","94","28","10.1%","23.7%",".202",".305",".259",".336",".461",".341","114","7.6","19.4","-6.6","3.5","10047"
"Ryan Braun","Brewers","135","564","30","80","91","16","8.2%","17.4%",".233",".326",".305",".365",".538",".378","134","-0.6","23.4","-8.2","3.3","3410"
"Addison Russell","Cubs","151","598","21","67","95","5","9.2%","22.6%",".179",".277",".238",".321",".417",".316","95","1.1","-2.7","16.8","3.3","14106"
"Carlos Santana","Indians","158","688","34","89","87","5","14.4%","14.4%",".239",".258",".259",".366",".498",".370","130","-1.1","23.4","-14.5","3.3","2396"
"Trea Turner","Nationals","73","324","13","53","40","33","4.3%","18.2%",".225",".388",".342",".370",".567",".395","146","5.6","23.7","-1.8","3.3","16252"
"Matt Carpenter","Cardinals","129","566","21","81","68","0","14.3%","19.1%",".235",".307",".271",".380",".505",".375","136","-3.1","22.0","-8.2","3.2","8090"
"Curtis Granderson","Mets","150","633","30","88","59","4","11.7%","20.5%",".228",".254",".237",".335",".464",".339","116","1.9","14.1","-3.2","3.1","4747"
"Gary Sanchez","Yankees","53","229","20","34","42","1","10.5%","24.9%",".358",".317",".299",".376",".657",".425","170","-1.1","18.2","4.4","3.1","11442"
"Ender Inciarte","Braves","131","578","3","85","29","16","7.8%","11.8%",".090",".329",".291",".351",".381",".319","97","4.5","2.0","10.4","3.1","4922"
"Trevor Story","Rockies","97","415","27","67","72","8","8.4%","31.3%",".296",".343",".272",".341",".567",".380","122","1.9","13.2","3.9","3.1","12564"
"Evan Gattis","Astros","128","499","32","58","72","2","8.6%","25.5%",".257",".273",".251",".319",".508",".345","121","-1.5","10.8","1.6","3.0","11003"
"Troy Tulowitzki","Blue Jays","131","544","24","54","79","1","7.9%","18.6%",".189",".272",".254",".318",".443",".327","104","-2.8","-0.1","10.7","3.0","3531"
"Jonathan Villar","Brewers","156","679","19","92","63","62","11.6%","25.6%",".171",".373",".285",".369",".457",".356","120","3.5","19.9","-11.8","3.0","10071"
"Hanley Ramirez","Red Sox","147","620","30","81","111","9","9.7%","19.4%",".219",".315",".286",".361",".505",".367","127","-0.9","19.4","-11.7","3.0","8001"
"Bryce Harper","Nationals","147","627","24","84","86","21","17.2%","18.7%",".198",".264",".243",".373",".441",".343","111","2.2","10.6","-1.7","2.9","11579"
"Jason Castro","Astros","113","376","11","41","32","2","12.0%","32.7%",".167",".297",".210",".307",".377",".301","90","-3.3","-7.7","23.1","2.9","8722"
"Eduardo Nunez","- - -","141","595","16","73","67","40","4.9%","14.8%",".145",".314",".288",".325",".432",".324","101","2.9","3.3","5.1","2.9","6848"
"Chris Davis","Orioles","157","665","38","99","84","1","13.2%","32.9%",".239",".279",".221",".332",".459",".340","113","4.1","14.3","-8.9","2.9","9272"
"Billy Hamilton","Reds","119","460","3","69","17","58","7.8%","20.2%",".083",".329",".260",".321",".343",".294","78","13.1","0.4","13.5","2.9","10199"
"Todd Frazier","White Sox","158","666","40","89","98","15","9.6%","24.5%",".239",".236",".225",".302",".464",".326","105","0.7","4.6","-0.5","2.8","785"
"Logan Forsythe","Rays","127","567","20","76","52","6","8.1%","22.4%",".180",".314",".264",".333",".444",".336","113","0.2","9.0","-1.6","2.7","7185"
"Didi Gregorius","Yankees","153","597","20","68","70","7","3.2%","13.7%",".171",".290",".276",".304",".447",".319","97","3.6","1.6","4.6","2.7","6012"
"Jarrod Dyson","Royals","107","337","1","46","25","30","7.7%","11.6%",".110",".315",".278",".340",".388",".316","95","5.3","3.5","11.6","2.7","4866"
"Francisco Cervelli","Pirates","101","393","1","42","33","6","14.2%","18.3%",".058",".329",".264",".377",".322",".318","98","-0.5","-1.6","15.7","2.7","5275"
"Chase Headley","Yankees","140","529","14","58","51","8","9.6%","22.3%",".133",".303",".251",".329",".383",".311","92","4.1","-1.2","8.9","2.7","4720"
"Andrelton Simmons","Angels","124","483","4","48","44","10","5.8%","7.9%",".085",".298",".281",".324",".366",".302","90","-1.6","-7.4","16.7","2.7","10847"
"Aledmys Diaz","Cardinals","111","460","17","71","65","4","8.9%","13.0%",".210",".312",".300",".369",".510",".370","132","-2.7","15.6","-4.3","2.6","15937"
"Carlos Gonzalez","Rockies","150","632","25","87","100","2","7.3%","20.4%",".207",".346",".298",".350",".505",".361","110","-1.6","6.0","-0.5","2.6","7287"
"Brett Gardner","Yankees","148","634","7","80","41","16","11.0%","16.7%",".101",".310",".261",".351",".362",".317","96","7.1","4.3","-1.0","2.6","9927"
"Yangervis Solarte","Padres","109","443","15","55","71","1","6.8%","14.2%",".180",".306",".286",".341",".467",".346","117","0.4","9.7","1.3","2.5","5352"
"Willson Contreras","Cubs","76","283","12","33","35","2","9.2%","23.7%",".206",".339",".282",".357",".488",".363","126","-1.3","7.7","7.9","2.5","11609"
"Tyler Flowers","Braves","83","325","8","27","41","0","8.9%","28.0%",".149",".366",".270",".357",".420",".338","110","-2.8","1.1","13.2","2.5","9134"
"Rougned Odor","Rangers","150","632","33","89","88","14","3.0%","21.4%",".231",".297",".271",".296",".502",".336","103","3.9","6.1","-3.5","2.5","12282"
"Devon Travis","Blue Jays","101","432","11","54","50","4","4.6%","20.1%",".154",".358",".300",".332",".454",".337","111","2.3","8.1","1.2","2.5","13862"
"Ryan Schimpf","Padres","89","330","20","48","51","1","12.7%","31.8%",".315",".260",".217",".336",".533",".362","128","4.1","15.6","-1.8","2.5","9953"
"Nicholas Castellanos","Tigers","110","447","18","54","58","1","6.3%","24.8%",".212",".345",".285",".331",".496",".350","119","-1.2","9.2","-0.8","2.4","11737"
"Kevin Pillar","Blue Jays","146","584","7","59","53","14","4.1%","15.4%",".109",".306",".266",".303",".376",".295","82","1.6","-10.8","14.4","2.4","12434"
"Adam Duvall","Reds","150","608","33","85","103","6","6.7%","27.0%",".257",".275",".241",".297",".498",".333","104","0.9","3.8","1.0","2.4","10950"
"Derek Dietrich","Marlins","128","412","7","39","42","1","7.8%","20.4%",".145",".343",".279",".374",".425",".348","121","-2.6","8.1","2.7","2.4","10542"
"Khris Davis","Athletics","150","610","42","85","102","1","6.9%","27.2%",".277",".270",".247",".307",".524",".349","122","-3.1","12.8","-10.4","2.4","9112"
"Carlos Beltran","- - -","151","593","29","73","93","1","5.9%","17.0%",".217",".315",".295",".337",".513",".358","122","-3.1","12.8","-9.8","2.4","589"
"Marcell Ozuna","Marlins","148","608","23","75","76","0","7.1%","18.9%",".187",".296",".266",".321",".452",".330","109","-1.0","5.4","-0.9","2.4","10324"
"Leonys Martin","Mariners","143","576","15","72","47","24","7.6%","25.9%",".131",".313",".247",".306",".378",".298","89","4.6","-3.0","6.4","2.4","11846"
"Jake Lamb","Diamondbacks","151","594","29","81","91","6","10.8%","25.9%",".260",".294",".249",".332",".509",".352","114","4.4","14.4","-9.8","2.4","13329"
"Cameron Maybin","Tigers","94","391","4","65","43","15","9.2%","17.6%",".103",".383",".315",".383",".418",".352","121","2.7","12.4","-2.8","2.4","5223"
"Elvis Andrus","Rangers","147","568","8","75","69","24","8.3%","12.3%",".136",".333",".302",".362",".439",".344","109","2.0","7.9","-4.7","2.3","8709"
"Brad Miller","Rays","152","601","30","73","81","6","7.8%","24.8%",".239",".277",".243",".304",".482",".333","111","1.4","9.4","-7.5","2.3","12775"
"J.D. Martinez","Tigers","120","517","22","69","68","1","9.5%","24.8%",".228",".378",".307",".373",".535",".384","143","-3.5","23.1","-18.6","2.3","6184"
"Jonathan Schoop","Orioles","162","647","25","82","82","1","3.2%","21.2%",".187",".305",".267",".298",".454",".320","99","-0.8","-1.5","1.3","2.3","11265"
"Freddy Galvis","Phillies","158","624","20","61","67","17","4.0%","21.8%",".158",".280",".241",".274",".399",".284","74","1.0","-19.3","21.9","2.3","6609"
"Gregory Polanco","Pirates","144","587","22","79","86","17","9.0%","20.3%",".205",".291",".258",".323",".463",".331","106","0.1","4.7","-1.0","2.2","12907"
"Lorenzo Cain","Royals","103","434","9","56","56","14","7.1%","19.4%",".121",".341",".287",".339",".408",".322","99","1.1","0.7","6.1","2.2","9077"
"Sandy Leon","Red Sox","78","283","7","36","35","0","8.1%","23.3%",".167",".392",".310",".369",".476",".362","124","-1.3","6.8","5.1","2.2","5273"
"Luis Valbuena","Astros","90","342","13","38","40","1","12.9%","23.7%",".199",".315",".260",".357",".459",".351","124","-0.2","9.8","-0.1","2.2","4969"
"Jose Iglesias","Tigers","137","513","4","57","32","7","5.5%","9.7%",".081",".276",".255",".306",".336",".283","74","1.7","-14.5","18.0","2.2","10231"
"Mark Trumbo","Orioles","159","667","47","94","108","2","7.6%","25.5%",".277",".278",".256",".316",".533",".358","125","-1.4","18.7","-20.5","2.2","6876"
"Randal Grichuk","Cardinals","132","478","24","66","68","5","5.9%","29.5%",".240",".294",".240",".289",".480",".325","102","2.4","3.8","2.5","2.2","10243"
"Chase Utley","Dodgers","138","565","14","79","52","2","7.1%","20.4%",".145",".299",".252",".319",".396",".312","96","1.6","-1.4","4.9","2.2","1679"
"Jedd Gyorko","Cardinals","128","438","30","58","59","0","8.4%","21.9%",".253",".244",".243",".306",".495",".339","112","0.1","6.4","1.0","2.2","10816"
"Javier Baez","Cubs","142","450","14","50","59","12","3.3%","24.0%",".150",".336",".273",".314",".423",".316","94","2.8","-0.4","7.4","2.2","12979"
"Melky Cabrera","White Sox","151","646","14","70","86","2","7.3%","10.7%",".159",".314",".296",".345",".455",".342","116","-3.6","9.0","-10.2","2.2","4022"
"Giancarlo Stanton","Marlins","119","470","27","56","74","0","10.6%","29.8%",".249",".290",".240",".326",".489",".344","118","-0.1","10.3","-3.9","2.2","4949"
"J.J. Hardy","Orioles","115","438","9","43","48","0","5.9%","15.5%",".138",".299",".269",".309",".407",".307","90","-2.0","-7.3","13.0","2.1","3797"
"Tony Wolters","Rockies","71","230","3","27","30","4","9.1%","23.0%",".137",".336",".259",".327",".395",".312","77","2.0","-4.6","18.2","2.1","11470"
"J.T. Realmuto","Marlins","137","545","11","60","48","12","5.1%","18.3%",".126",".357",".303",".343",".428",".333","111","1.1","8.4","-4.7","2.1","11739"
"Marcus Semien","Athletics","159","621","27","72","75","10","8.2%","22.4%",".197",".268",".238",".300",".435",".315","98","-0.5","-1.7","1.0","2.1","12533"
"Jung Ho Kang","Pirates","103","370","21","45","62","3","9.7%","21.4%",".258",".273",".255",".354",".513",".369","132","-2.8","11.7","-2.6","2.1","17182"
"Tyler Naquin","Indians","116","365","14","52","43","6","9.9%","30.7%",".218",".411",".296",".372",".514",".374","133","1.6","15.9","-8.1","2.1","13359"
"Tim Anderson","White Sox","99","431","9","57","30","10","3.0%","27.1%",".149",".375",".283",".306",".432",".315","98","0.3","-1.0","6.3","2.1","15172"
"Steve Pearce","- - -","85","302","13","35","35","0","11.3%","17.9%",".205",".318",".288",".374",".492",".371","136","0.0","13.1","-3.4","2.1","9957"
"Adam Jones","Orioles","152","672","29","86","83","2","5.8%","17.1%",".171",".280",".265",".310",".436",".319","98","1.4","-0.2","-2.9","2.1","6368"
"Jose Abreu","White Sox","159","695","25","67","100","0","6.8%","18.0%",".175",".327",".293",".353",".468",".349","121","-5.5","11.7","-16.2","2.0","15676"
"Zack Cozart","Reds","121","508","16","67","50","4","7.3%","16.5%",".172",".274",".252",".308",".425",".312","90","-0.5","-6.7","9.8","1.9","2616"
"Justin Upton","Tigers","153","626","31","81","87","9","8.0%","28.6%",".219",".301",".246",".310",".465",".329","105","1.4","5.5","-8.4","1.9","5222"
"Stephen Piscotty","Cardinals","153","649","22","86","85","7","7.9%","20.5%",".184",".319",".273",".343",".457",".345","116","-3.6","9.1","-10.9","1.9","13367"
"David Ross","Cubs","67","205","10","24","32","0","14.6%","26.3%",".217",".262",".229",".338",".446",".326","101","0.8","1.0","10.8","1.9","1551"
"Matt Joyce","Pirates","140","293","13","45","42","1","20.1%","22.9%",".221",".285",".242",".403",".463",".375","136","-1.0","12.0","-2.9","1.9","3353"
"Jacoby Ellsbury","Yankees","148","626","9","71","56","20","8.6%","13.4%",".111",".295",".263",".330",".374",".308","90","2.5","-4.9","0.8","1.8","4727"
"Joe Panik","Giants","127","526","10","67","62","5","9.5%","8.9%",".140",".245",".239",".315",".379",".300","86","2.1","-6.7","7.5","1.8","11936"
"Brian McCann","Yankees","130","492","20","56","58","1","11.0%","20.1%",".170",".269",".242",".335",".413",".326","102","-3.7","-2.3","2.0","1.7","4810"
"Yunel Escobar","Angels","132","567","5","68","39","0","7.1%","11.8%",".087",".339",".304",".355",".391",".327","107","-5.8","-0.9","-2.1","1.7","4191"
"Adam Rosales","Padres","105","248","13","37","35","4","11.7%","35.5%",".266",".308",".229",".319",".495",".340","113","2.9","6.9","2.0","1.7","9682"
"Keon Broxton","Brewers","75","244","9","28","19","23","14.8%","36.1%",".188",".373",".242",".354",".430",".343","111","3.4","6.7","2.2","1.7","9253"
"Sean Rodriguez","Pirates","140","342","18","49","56","2","9.6%","29.8%",".240",".344",".270",".349",".510",".363","128","-1.2","10.6","-4.7","1.7","6589"
"Maikel Franco","Phillies","152","630","25","67","88","1","6.3%","16.8%",".172",".271",".255",".306",".427",".311","92","-1.4","-7.9","4.7","1.7","12179"
"Rajai Davis","Indians","134","495","12","74","48","43","6.7%","21.4%",".139",".299",".249",".306",".388",".302","83","10.0","-0.2","-0.4","1.7","3708"
"Michael Saunders","Blue Jays","140","558","24","70","57","1","10.6%","28.1%",".224",".321",".253",".338",".478",".348","119","-0.9","11.5","-14.6","1.6","9981"
"Mike Zunino","Mariners","55","192","12","16","31","0","10.9%","33.9%",".262",".250",".207",".318",".470",".338","117","-0.9","2.9","5.8","1.6","13265"
"Paulo Orlando","Royals","128","484","5","52","43","14","2.7%","21.7%",".103",".380",".302",".329",".405",".317","96","0.6","-1.9","0.5","1.6","8628"
"Nori Aoki","Mariners","118","467","4","63","28","7","7.3%","9.6%",".106",".309",".283",".349",".388",".325","107","0.6","4.8","-5.6","1.6","13075"
"Hunter Pence","Giants","106","442","13","58","57","1","9.7%","21.5%",".162",".348",".289",".357",".451",".349","119","-2.8","7.6","-6.1","1.6","8252"
"David Freese","Pirates","141","492","13","63","55","0","9.1%","28.9%",".142",".372",".270",".352",".412",".334","108","-4.5","0.6","-0.6","1.6","9549"
"Greg Garcia","Cardinals","99","257","3","33","17","1","14.8%","19.5%",".093",".346",".276",".393",".369",".338","111","1.7","5.3","1.9","1.6","10951"
"Martin Maldonado","Brewers","76","253","8","21","21","1","13.8%","22.1%",".149",".234",".202",".332",".351",".294","78","-0.3","-7.1","14.3","1.5","6887"
"Ryon Healy","Athletics","72","283","13","36","37","0","4.2%","21.2%",".219",".352",".305",".337",".524",".364","132","-1.6","9.3","-4.1","1.5","15447"
"Jose Reyes","Mets","60","279","8","45","24","9","8.2%","17.6%",".176",".302",".267",".326",".443",".329","109","2.5","5.6","0.5","1.5","1736"
"Jose Bautista","Blue Jays","116","517","22","68","69","2","16.8%","19.9%",".217",".255",".234",".366",".452",".355","123","-5.3","9.2","-12.6","1.5","1887"
"Byron Buxton","Twins","92","331","10","44","38","10","6.9%","35.6%",".205",".329",".225",".284",".430",".304","86","5.7","0.1","2.7","1.5","14161"
"Danny Valencia","Athletics","130","517","17","72","51","1","7.9%","22.2%",".159",".346",".287",".346",".446",".342","117","-1.6","8.8","-12.4","1.5","6364"
"Whit Merrifield","Royals","81","332","2","44","29","8","5.7%","21.7%",".109",".361",".283",".323",".392",".309","91","3.6","-0.1","2.9","1.5","11281"
"C.J. Cron","Angels","116","445","16","51","69","2","5.4%","16.9%",".189",".302",".278",".325",".467",".337","114","-2.9","4.7","-6.0","1.4","12546"
"Jordy Mercer","Pirates","149","584","11","66","59","1","8.7%","14.2%",".118",".286",".256",".328",".374",".304","88","3.4","-5.3","0.9","1.4","6547"
"Travis Jankowski","Padres","131","383","2","53","12","30","11.0%","26.1%",".069",".343",".245",".332",".313",".293","81","3.4","-5.3","6.9","1.4","13768"
"Cameron Rupp","Phillies","105","419","16","36","54","1","5.7%","27.2%",".195",".315",".252",".303",".447",".321","98","-2.7","-3.5","3.8","1.4","11146"
"Brandon Guyer","- - -","101","345","9","39","32","3","5.5%","15.9%",".157",".300",".266",".372",".423",".351","121","-2.7","6.1","-4.7","1.4","2636"
"Eugenio Suarez","Reds","159","627","21","78","70","11","8.1%","24.7%",".163",".304",".248",".317",".411",".316","93","-1.2","-6.8","0.5","1.4","12552"
"Ichiro Suzuki","Marlins","143","365","1","48","22","10","8.2%","11.5%",".086",".329",".291",".354",".376",".320","102","1.2","2.3","-0.6","1.3","1101"
"Starlin Castro","Yankees","151","610","21","63","70","4","3.9%","19.3%",".163",".305",".270",".300",".433",".313","93","-1.5","-6.5","-1.5","1.3","4579"
"Josh Reddick","- - -","115","439","10","53","37","8","8.9%","12.8%",".123",".306",".281",".345",".405",".324","104","0.6","2.8","-4.4","1.3","3892"
"Travis Shaw","Red Sox","145","530","16","63","71","5","8.1%","25.1%",".179",".299",".242",".306",".421",".310","88","-1.0","-8.9","3.4","1.3","11982"
"Jefry Marte","Angels","88","284","15","38","44","2","6.3%","20.8%",".229",".267",".252",".310",".481",".335","113","-1.3","3.3","-0.3","1.3","5107"
"Melvin Upton Jr.","- - -","149","539","20","64","61","27","6.9%","28.8%",".165",".300",".238",".291",".402",".297","84","5.4","-4.8","0.2","1.3","5015"
"Danny Espinosa","Nationals","157","601","24","66","72","9","9.0%","29.0%",".169",".261",".209",".306",".378",".294","78","4.9","-11.6","5.6","1.3","9219"
"Max Kepler","Twins","113","447","17","52","63","6","9.4%","20.8%",".189",".261",".235",".309",".424",".313","93","4.2","0.2","-3.1","1.3","12144"
"Jayson Werth","Nationals","143","606","21","84","69","5","11.7%","22.9%",".173",".288",".244",".335",".417",".327","100","2.1","2.3","-8.8","1.3","1327"
"Pedro Alvarez","Orioles","109","376","22","43","49","1","9.8%","25.8%",".255",".282",".249",".322",".504",".349","119","2.0","10.6","-11.3","1.3","2495"
"Adrian Gonzalez","Dodgers","156","633","18","69","90","0","8.7%","18.5%",".150",".328",".285",".349",".435",".334","111","-4.9","3.6","-11.0","1.3","1908"
"Andrew Toles","Dodgers","48","115","3","19","16","1","7.0%","21.7%",".190",".385",".314",".365",".505",".365","131","2.1","6.6","2.1","1.3","13414"
"David Dahl","Rockies","63","237","7","42","24","5","6.3%","24.9%",".185",".404",".315",".359",".500",".367","113","2.8","6.7","-1.9","1.2","13744"
"Tyler Saladino","White Sox","93","319","8","33","38","11","4.1%","19.4%",".128",".329",".282",".315",".409",".313","96","0.1","-1.5","2.6","1.2","10807"
"Justin Bour","Marlins","90","321","15","35","51","0","11.8%","17.4%",".211",".278",".264",".349",".475",".343","118","-0.2","6.8","-4.7","1.2","9744"
"Aaron Hill","- - -","125","429","10","48","38","4","9.6%","13.8%",".116",".284",".262",".336",".378",".313","90","2.1","-3.0","1.3","1.2","6104"
"Denard Span","Giants","143","637","11","70","53","12","8.3%","12.4%",".115",".291",".266",".331",".381",".312","94","2.8","-1.7","-6.1","1.2","8347"
"Kolten Wong","Cardinals","121","361","5","39","23","7","9.4%","14.4%",".115",".268",".240",".327",".355",".300","85","1.8","-4.7","5.5","1.2","12532"
"Lonnie Chisenhall","Indians","126","418","8","43","57","6","5.5%","16.7%",".153",".328",".286",".328",".439",".327","100","3.0","3.0","-5.5","1.2","7571"
"Rene Rivera","Mets","65","207","6","12","26","0","7.7%","26.1%",".119",".276",".222",".291",".341",".273","71","-0.6","-7.9","13.3","1.2","3648"
"Miguel Sano","Twins","116","495","25","57","66","1","10.9%","36.0%",".227",".329",".236",".319",".462",".334","107","-1.4","2.6","-7.8","1.2","12164"
"Brandon Moss","Cardinals","128","464","28","66","67","1","8.4%","30.4%",".259",".261",".225",".300",".484",".329","105","0.2","3.2","-5.8","1.2","4467"
"Roberto Perez","Indians","61","184","3","14","17","0","12.5%","23.9%",".111",".229",".183",".285",".294",".261","55","0.0","-9.9","15.1","1.2","2900"
"Nick Markakis","Braves","158","684","13","67","89","0","10.4%","14.8%",".129",".300",".269",".346",".397",".321","98","-2.6","-4.4","-5.3","1.2","5930"
"Darwin Barney","Blue Jays","104","306","4","35","19","2","7.2%","15.7%",".104",".310",".269",".322",".373",".303","88","-0.1","-4.6","5.5","1.2","2430"
"Welington Castillo","Diamondbacks","113","457","14","41","68","2","7.2%","26.5%",".159",".337",".264",".322",".423",".319","91","-3.3","-8.2","5.3","1.2","3256"
"Miguel Montero","Cubs","86","284","8","33","33","1","13.4%","20.4%",".141",".249",".216",".327",".357",".299","83","-1.7","-7.6","9.9","1.1","3364"
"Colby Rasmus","Astros","107","417","15","38","54","4","10.3%","29.0%",".149",".257",".206",".286",".355",".282","77","0.5","-11.0","7.7","1.1","9893"
"Matt Wieters","Orioles","124","464","17","48","66","1","6.9%","18.3%",".165",".265",".243",".302",".409",".307","90","-0.7","-6.4","1.5","1.1","4298"
"Hernan Perez","Brewers","123","430","13","50","56","34","4.2%","21.9%",".156",".322",".272",".302",".428",".312","90","6.4","1.3","-3.6","1.1","5751"
"Corey Dickerson","Rays","148","548","24","57","70","0","6.0%","24.5%",".224",".285",".245",".293",".469",".319","101","-0.8","-0.1","-7.8","1.1","10762"
"Brett Lawrie","White Sox","94","384","12","35","36","7","7.8%","28.4%",".165",".325",".248",".310",".413",".311","95","3.6","1.1","-3.5","1.1","5247"
"Josh Harrison","Pirates","131","522","4","57","59","19","3.4%","14.6%",".105",".323",".283",".311",".388",".301","86","3.0","-6.0","0.7","1.1","8202"
"Angel Pagan","Giants","129","543","12","71","55","15","7.7%","12.2%",".141",".298",".277",".331",".418",".324","102","1.8","3.4","-9.4","1.1","2918"
"Victor Martinez","Tigers","154","610","27","65","86","0","8.2%","14.8%",".186",".303",".289",".351",".476",".351","120","-10.1","4.8","-15.1","1.1","393"
"Joe Mauer","Twins","134","576","11","68","49","2","13.7%","16.1%",".128",".301",".261",".363",".389",".327","102","-2.1","-0.7","-9.0","1.0","1857"
"Chris Carter","Brewers","160","644","41","84","94","3","11.8%","32.0%",".277",".260",".222",".321",".499",".346","113","-4.3","6.2","-16.1","1.0","9911"
"Andrew McCutchen","Pirates","153","675","24","81","79","6","10.2%","21.2%",".174",".297",".256",".336",".430",".329","105","-2.5","1.5","-12.4","1.0","9847"
"Alex Bregman","Astros","49","217","8","31","34","2","6.9%","24.0%",".214",".317",".264",".313",".478",".336","114","0.7","4.4","-1.8","1.0","17678"
"Chris Owings","Diamondbacks","119","466","5","52","49","21","4.3%","18.7%",".140",".334",".277",".315",".416",".311","86","2.7","-5.5","1.0","1.0","10030"
"Franklin Gutierrez","Mariners","98","283","14","33","39","1","10.2%","30.0%",".206",".309",".246",".329",".452",".336","115","0.9","6.0","-5.9","1.0","3255"
"Yasiel Puig","Dodgers","104","368","11","45","45","5","6.5%","20.1%",".153",".306",".263",".323",".416",".320","101","0.3","0.9","-2.5","1.0","14225"
"Madison Bumgarner","Giants","36","97","3","8","9","0","10.3%","44.3%",".174",".317",".186",".268",".360",".274","69","0.0","-3.7","10.5","1.0","5524"
"Hyun Soo Kim","Orioles","95","346","6","36","22","1","10.4%","14.7%",".118",".345",".302",".382",".420",".352","121","0.0","8.8","-11.1","1.0","18718"
"Tim Beckham","Rays","64","215","5","25","16","2","6.5%","31.2%",".187",".349",".247",".300",".434",".314","98","-0.9","-1.4","3.6","1.0","7949"
"Chris Herrmann","Diamondbacks","56","166","6","21","28","4","9.6%","26.5%",".209",".364",".284",".352",".493",".358","117","2.0","5.5","-1.1","1.0","9284"
"Michael Conforto","Mets","109","348","12","38","42","2","10.3%","25.6%",".194",".267",".220",".310",".414",".312","97","1.1","0.0","-1.3","1.0","16376"
"Jason Heyward","Cubs","142","592","7","61","49","11","9.1%","15.7%",".094",".266",".230",".306",".325",".282","72","2.1","-18.6","9.6","1.0","4940"
"Travis d'Arnaud","Mets","75","276","4","27","15","0","6.9%","18.1%",".076",".293",".247",".307",".323",".279","75","-0.5","-8.8","9.7","1.0","7739"
"Dee Gordon","Marlins","79","345","1","47","14","30","5.2%","15.9%",".068",".319",".268",".305",".335",".280","75","6.0","-4.5","3.0","0.9","8203"
"Wilmer Flores","Mets","103","335","16","38","49","1","6.9%","14.3%",".202",".268",".267",".319",".469",".336","114","-4.9","0.8","-2.0","0.9","5827"
"Brandon Phillips","Reds","141","584","11","74","64","14","3.1%","11.6%",".125",".312",".291",".320",".416",".315","92","-3.4","-9.4","0.4","0.9","791"
"Chris Young","Red Sox","76","227","9","29","24","4","9.3%","22.0%",".222",".326",".276",".352",".498",".364","125","0.8","7.6","-6.3","0.9","3882"
"Jake Arrieta","Cubs","31","70","2","7","7","0","5.7%","40.0%",".154",".429",".262",".304",".415",".310","90","0.0","-0.9","7.6","0.9","4153"
"Jon Jay","Padres","90","373","2","49","26","2","5.1%","20.9%",".098",".371",".291",".339",".389",".319","99","3.2","2.7","-5.5","0.9","5227"
"Matt Duffy","- - -","91","366","5","41","28","8","6.3%","14.5%",".099",".290",".258",".310",".357",".292","82","-2.8","-10.9","8.0","0.9","13836"
"Adam Wainwright","Cardinals","34","69","2","6","18","0","2.9%","24.6%",".258",".279",".226",".250",".484",".305","89","0.0","-0.9","7.5","0.9","2233"
"Jeff Mathis","Marlins","41","132","2","12","15","0","3.0%","27.3%",".095",".318",".238",".267",".333",".261","63","0.8","-5.2","9.7","0.9","3448"
"Steven Souza Jr.","Rays","120","468","17","58","49","7","6.6%","34.0%",".163",".348",".247",".303",".409",".308","94","2.5","-0.8","-6.8","0.9","5667"
"Tommy Joseph","Phillies","107","347","21","47","47","1","6.3%","21.6%",".248",".267",".257",".308",".505",".342","112","-2.1","3.1","-5.5","0.9","10349"
"Seth Smith","Mariners","137","438","16","62","63","0","11.0%","20.3%",".167",".282",".249",".342",".415",".331","111","-2.6","3.5","-10.2","0.9","7331"
"Kendrys Morales","Royals","154","618","30","65","93","0","7.8%","19.4%",".204",".283",".263",".327",".468",".339","111","-4.4","3.7","-16.7","0.9","8610"
"Robbie Grossman","Twins","99","389","11","49","37","2","14.1%","24.7%",".163",".364",".280",".386",".443",".363","127","1.3","13.9","-19.0","0.8","5254"
"Conor Gillaspie","Giants","101","205","6","24","25","1","5.9%","13.7%",".178",".278",".262",".307",".440",".314","96","-0.3","-1.4","3.2","0.8","9009"
"Eddie Rosario","Twins","92","354","10","52","32","5","3.4%","25.7%",".152",".338",".269",".295",".421",".304","86","4.0","-1.9","-2.2","0.8","12155"
"Noah Syndergaard","Mets","31","67","3","6","6","0","10.4%","50.7%",".207",".381",".190",".277",".397",".292","84","0.0","-1.3","7.2","0.8","11762"
"Trayce Thompson","Dodgers","80","262","13","31","32","5","9.9%","25.2%",".212",".255",".225",".302",".436",".318","100","4.2","4.1","-4.3","0.8","9952"
"Matt Kemp","- - -","156","672","35","89","108","1","5.4%","23.2%",".231",".297",".268",".304",".499",".333","108","-0.7","6.0","-19.0","0.8","5631"
"Matt Holliday","Cardinals","110","426","20","48","62","0","8.2%","16.7%",".215",".253",".246",".322",".461",".335","109","-1.9","3.0","-8.4","0.8","1873"
"Drew Butera","Royals","56","133","4","18","16","0","6.0%","27.1%",".195",".373",".285",".328",".480",".345","115","-0.7","1.7","1.5","0.8","3411"
"Albert Pujols","Angels","152","650","31","71","119","4","7.5%","11.5%",".189",".260",".268",".323",".457",".331","110","-6.2","1.5","-16.2","0.8","1177"
"Dansby Swanson","Braves","38","145","3","20","17","3","9.0%","23.4%",".140",".383",".302",".361",".442",".334","107","1.1","2.3","0.9","0.8","18314"
"Howie Kendrick","Dodgers","146","543","8","65","40","10","9.2%","17.7%",".111",".301",".255",".326",".366",".303","90","2.4","-4.2","-5.1","0.8","4229"
"Stephen Drew","Nationals","70","165","8","24","21","0","9.7%","18.8%",".259",".278",".266",".339",".524",".362","123","-1.2","3.5","-1.2","0.8","4251"
"Mike Moustakas","Royals","27","113","7","12","13","0","8.0%","11.5%",".260",".214",".240",".301",".500",".339","111","-1.1","0.4","3.0","0.8","4892"
"Jorge Soler","Cubs","86","264","12","37","31","0","11.7%","25.0%",".198",".276",".238",".333",".436",".333","106","1.1","3.1","-3.9","0.8","14221"
"Mike Napoli","Indians","150","645","34","92","101","5","12.1%","30.1%",".226",".296",".239",".335",".465",".343","111","-5.4","3.1","-18.0","0.7","3057"
"Alex Dickerson","Padres","84","285","10","39","37","5","9.1%","15.4%",".198",".274",".257",".333",".455",".336","111","0.0","3.8","-5.4","0.7","12649"
"Kelby Tomlinson","Giants","52","120","0","13","6","5","10.0%","15.0%",".038",".352",".292",".370",".330",".314","96","2.1","1.5","1.8","0.7","13005"
"Christian Vazquez","Red Sox","57","184","1","21","12","0","5.4%","21.2%",".081",".288",".227",".277",".308",".257","51","-1.0","-11.7","12.3","0.7","9774"
"Jose Peraza","Reds","72","256","3","25","25","21","2.7%","12.9%",".087",".361",".324",".352",".411",".331","102","0.9","1.7","-2.8","0.7","13593"
"Kirk Nieuwenhuis","Brewers","125","392","13","38","44","8","14.3%","33.9%",".176",".302",".209",".324",".385",".313","91","-0.3","-4.8","-0.7","0.7","6400"
"David Wright","Mets","37","164","7","18","14","3","15.9%","33.5%",".212",".320",".226",".350",".438",".344","119","0.1","3.9","-2.3","0.7","3787"
"Scott Schebler","Reds","82","282","9","36","40","2","6.7%","20.9%",".167",".312",".265",".330",".432",".328","100","0.7","0.8","-3.0","0.7","12225"
"Curt Casali","Rays","84","256","8","23","25","0","9.8%","32.0%",".150",".250",".186",".273",".336",".268","67","-3.1","-13.4","11.2","0.7","12510"
"Kelly Johnson","- - -","131","333","10","25","34","4","7.5%","19.5%",".145",".281",".247",".306",".391",".301","88","1.1","-3.8","0.0","0.7","2234"
"Jose Lobaton","Nationals","39","114","3","10","8","0","10.5%","15.8%",".141",".253",".232",".319",".374",".301","83","-1.2","-3.6","6.6","0.7","4243"
"Ryan Rua","Rangers","99","269","8","40","22","9","7.8%","28.3%",".142",".342",".258",".331",".400",".317","90","2.7","-0.5","-2.4","0.6","12409"
"Andrew Romine","Tigers","109","194","2","21","16","8","6.7%","19.6%",".086",".291",".236",".304",".322",".279","71","1.7","-5.0","4.5","0.6","1159"
"John Jaso","Pirates","132","432","8","45","42","0","10.4%","17.1%",".145",".314",".268",".353",".413",".335","109","-5.1","-0.2","-7.1","0.6","5887"
"Marlon Byrd","Indians","34","129","5","11","19","0","8.5%","29.5%",".183",".347",".270",".326",".452",".328","101","0.8","1.0","0.7","0.6","950"
"Matt Szczur","Cubs","107","200","5","30","24","2","6.5%","19.5%",".141",".305",".259",".312",".400",".305","87","-1.0","-4.2","4.1","0.6","11255"
"Shin-Soo Choo","Rangers","48","210","7","27","17","6","11.9%","21.9%",".157",".288",".242",".357",".399",".334","102","0.8","1.3","-2.4","0.6","3174"
"Kennys Vargas","Twins","47","177","10","27","20","0","13.6%","32.2%",".270",".291",".230",".333",".500",".352","119","-0.3","3.9","-3.8","0.6","12101"
"Patrick Corbin","Diamondbacks","38","53","0","7","4","0","1.9%","26.4%",".102",".429",".306",".320",".408",".313","87","-0.4","-1.3","5.7","0.6","9323"
"Derek Norris","Padres","125","458","14","50","42","9","7.9%","30.3%",".142",".238",".186",".255",".328",".252","54","1.6","-24.3","16.1","0.6","6867"
"Adam Frazier","Pirates","66","160","2","21","11","4","7.5%","16.3%",".110",".353",".301",".356",".411",".335","109","1.4","3.1","-2.1","0.6","15223"
"Alex Avila","White Sox","57","209","7","19","11","0","18.2%","37.3%",".160",".341",".213",".359",".373",".329","107","-2.2","-0.5","-0.8","0.6","7476"
"Adonis Garcia","Braves","134","563","14","65","65","3","4.3%","16.5%",".133",".308",".273",".311",".406",".308","90","-1.5","-8.8","-2.9","0.6","13777"
"Albert Almora Jr.","Cubs","47","117","3","14","14","0","4.3%","17.1%",".179",".315",".277",".308",".455",".325","101","-1.3","-1.1","3.3","0.6","14109"
"T.J. Rivera","Mets","33","113","3","10","16","0","2.7%","15.0%",".143",".360",".333",".345",".476",".346","120","0.3","3.1","-0.9","0.6","12495"
"Nomar Mazara","Rangers","145","568","20","59","64","0","6.9%","19.7%",".153",".299",".266",".320",".419",".318","91","-3.4","-9.7","-4.1","0.6","14553"
"Daniel Descalso","Rockies","99","289","8","38","38","3","11.8%","19.4%",".160",".305",".264",".349",".424",".332","90","1.8","-1.7","-1.6","0.6","8392"
"Andrew Benintendi","Red Sox","34","118","2","16","14","1","8.5%","21.2%",".181",".367",".295",".359",".476",".357","121","0.8","3.7","-2.1","0.6","17901"
"Ronald Torreyes","Yankees","72","168","1","20","12","2","6.0%","11.9%",".116",".289",".258",".305",".374",".295","81","0.9","-3.0","2.8","0.6","11400"
"Ezequiel Carrera","Blue Jays","110","310","6","47","23","7","8.7%","22.6%",".107",".311",".248",".323",".356",".301","86","0.4","-4.7","-0.4","0.6","9048"
"Tommy La Stella","Cubs","74","169","2","17","11","0","10.7%","16.0%",".135",".319",".270",".357",".405",".333","106","1.1","2.4","-2.1","0.6","12371"
"Alex Gordon","Royals","128","506","17","62","40","8","10.3%","29.2%",".160",".288",".220",".312",".380",".303","86","0.6","-7.8","-4.2","0.6","5209"
"Logan Morrison","Rays","107","398","14","45","43","4","9.3%","22.4%",".176",".278",".238",".319",".414",".318","100","0.2","0.4","-8.8","0.5","9205"
"Alcides Escobar","Royals","162","682","7","57","55","17","4.0%","14.1%",".089",".295",".261",".292",".350",".278","69","-1.1","-26.5","8.3","0.5","6310"
"Cheslor Cuthbert","Royals","128","510","12","49","46","2","6.3%","18.8%",".139",".320",".274",".318",".413",".316","95","-4.2","-7.1","-5.2","0.5","10473"
"James McCann","Tigers","105","373","12","31","48","0","6.2%","29.2%",".137",".283",".221",".272",".358",".273","67","-3.8","-18.5","10.9","0.5","12859"
"Mallex Smith","Braves","72","215","3","28","22","16","9.3%","22.3%",".127",".302",".238",".316",".365",".300","84","0.3","-4.0","2.5","0.5","13608"
"Brock Holt","Red Sox","94","324","7","45","34","4","8.3%","17.9%",".128",".294",".255",".322",".383",".308","87","3.1","-2.1","-4.1","0.5","9345"
"Jake Marisnick","Astros","118","311","5","40","21","10","5.1%","26.7%",".122",".275",".209",".257",".331",".257","60","0.7","-14.2","8.4","0.5","11339"
"Tucker Barnhart","Reds","115","420","7","34","51","1","8.6%","17.1%",".122",".299",".257",".323",".379",".300","82","-6.4","-15.8","7.6","0.5","10200"
"Jarrett Parker","Giants","63","151","5","22","14","0","12.6%","29.1%",".157",".321",".236",".358",".394",".332","108","0.2","1.7","-1.6","0.5","11624"
"Jason Hammel","Cubs","35","69","0","6","7","0","1.4%","34.8%",".046",".390",".246",".258",".292",".240","44","0.0","-4.8","7.5","0.5","4538"
"Jose Fernandez","Marlins","30","61","0","3","6","0","1.6%","21.3%",".038",".333",".250",".264",".288",".242","50","0.0","-3.8","6.6","0.5","11530"
"Phil Gosselin","Diamondbacks","122","240","2","26","13","3","6.3%","19.2%",".091",".339",".277",".324",".368",".302","80","2.6","-3.3","0.5","0.5","10953"
"Yasmany Tomas","Diamondbacks","140","563","31","72","83","2","5.5%","24.2%",".236",".310",".272",".313",".508",".345","109","-5.6","0.3","-13.2","0.5","17171"
"Carlos Ruiz","- - -","62","233","3","21","15","3","11.6%","14.2%",".085",".303",".264",".365",".348",".321","99","-0.1","-0.4","-2.3","0.5","2579"
"Jett Bandy","Angels","70","231","8","23","25","1","4.8%","16.5%",".158",".246",".234",".281",".392",".289","81","-2.9","-8.1","4.6","0.5","12508"
"Adeiny Hechavarria","Marlins","155","547","3","52","38","1","6.0%","13.3%",".075",".269",".236",".283",".311",".256","59","1.8","-25.6","12.9","0.4","10459"
"Juan Lagares","Mets","79","160","3","15","9","4","6.9%","16.9%",".141",".274",".239",".301",".380",".294","85","0.6","-2.3","1.5","0.4","5384"
"Andres Blanco","Phillies","90","209","4","26","21","2","5.3%","19.6%",".153",".301",".253",".316",".405",".313","93","-1.2","-3.0","0.5","0.4","1907"
"Avisail Garcia","White Sox","120","453","12","59","51","4","7.5%","25.4%",".140",".309",".245",".307",".385",".302","88","0.2","-6.2","-5.6","0.4","5760"
"Gorkys Hernandez","Giants","26","57","2","7","4","0","5.3%","19.3%",".204",".293",".259",".298",".463",".324","103","-0.7","-0.6","2.6","0.4","4146"
"Ty Kelly","Mets","39","71","1","9","7","0","15.5%","12.7%",".103",".260",".241",".352",".345",".311","97","-0.5","-0.8","2.4","0.4","7740"
"Marwin Gonzalez","Astros","141","518","13","55","51","12","4.2%","22.8%",".147",".311",".254",".293",".401",".298","89","-2.1","-9.2","-4.9","0.4","5497"
"Matt Adams","Cardinals","118","327","16","37","54","0","7.6%","24.8%",".222",".286",".249",".309",".471",".331","106","-2.4","0.1","-6.6","0.4","9393"
"Tommy Pham","Cardinals","78","183","9","26","17","2","10.9%","38.8%",".214",".342",".226",".324",".440",".330","106","0.7","1.9","-4.0","0.4","2967"
"Carlos Martinez","Cardinals","33","65","0","5","6","0","0.0%","20.0%",".017",".298",".237",".246",".254",".219","32","0.0","-5.5","7.0","0.4","11682"
"Steve Selsky","Reds","24","54","2","9","7","1","3.7%","40.7%",".157",".519",".314",".340",".471",".348","114","0.7","1.6","0.2","0.3","12957"
"Brandon Drury","Diamondbacks","134","499","16","59","53","1","6.2%","20.0%",".176",".327",".282",".329",".458",".335","102","-1.9","-0.6","-11.5","0.3","11615"
"Wilmer Difo","Nationals","31","66","1","14","7","3","12.1%","18.2%",".103",".333",".276",".364",".379",".325","98","0.9","0.7","0.6","0.3","14320"
"Blake Swihart","Red Sox","19","74","0","9","5","0","14.9%","23.0%",".097",".348",".258",".365",".355",".321","95","0.9","0.5","0.2","0.3","13176"
"Kevin Plawecki","Mets","48","151","1","6","11","0","11.3%","21.9%",".068",".255",".197",".298",".265",".255","59","-0.8","-8.4","6.9","0.3","13807"
"Geovany Soto","Angels","26","86","4","11","9","0","7.0%","24.4%",".218",".321",".269",".321",".487",".345","120","-0.8","1.2","-0.9","0.3","3707"
"Roman Quinn","Phillies","15","69","0","10","6","5","11.6%","27.5%",".070",".395",".263",".373",".333",".322","99","1.5","1.5","-0.4","0.3","13546"
"Dae-Ho Lee","Mariners","104","317","14","33","49","0","6.3%","23.3%",".175",".294",".253",".312",".428",".318","103","-4.7","-3.5","-4.2","0.3","18722"
"Jay Bruce","- - -","147","589","33","74","99","4","7.5%","21.4%",".256",".266",".250",".309",".506",".340","111","-3.1","4.7","-20.1","0.3","9892"
"Michael Bourn","- - -","113","413","5","48","38","15","6.8%","22.3%",".107",".336",".264",".314",".371",".298","79","2.9","-8.0","-2.1","0.3","6387"
"Luke Maile","Rays","42","126","3","10","15","0","3.2%","28.6%",".134",".300",".227",".252",".361",".260","61","-0.6","-6.6","5.1","0.3","13355"
"Michael A. Taylor","Nationals","76","237","7","28","16","14","5.9%","32.5%",".145",".319",".231",".278",".376",".283","71","2.3","-6.3","1.8","0.3","11489"
"Rickie Weeks Jr.","Diamondbacks","108","205","9","29","27","5","9.8%","26.3%",".211",".288",".239",".327",".450",".335","102","1.2","1.7","-5.3","0.3","1849"
"Mitch Haniger","Diamondbacks","34","123","5","9","17","0","9.8%","22.0%",".174",".256",".229",".309",".404",".303","81","-0.5","-3.4","2.3","0.3","14274"
"Jeff Francoeur","- - -","125","331","7","33","34","2","6.0%","27.2%",".124",".333",".254",".297",".378",".290","78","0.8","-8.2","0.6","0.3","4792"
"Abraham Almonte","Indians","67","194","1","24","22","8","4.1%","21.6%",".137",".331",".264",".294",".401",".294","78","1.1","-4.0","0.1","0.3","5486"
"David Peralta","Diamondbacks","48","183","4","23","15","2","4.4%","23.0%",".181",".310",".251",".295",".433",".308","84","1.5","-2.1","-0.9","0.3","2136"
"Matt Reynolds","Mets","47","96","3","11","13","0","4.2%","35.4%",".191",".327",".225",".266",".416",".291","84","0.0","-2.0","1.7","0.3","13788"
"Zack Greinke","Diamondbacks","27","60","0","4","3","1","5.0%","15.0%",".019",".244",".212",".246",".231",".212","20","0.2","-5.8","6.5","0.3","1943"
"Stephen Vogt","Athletics","137","532","14","54","56","0","6.6%","15.6%",".155",".275",".251",".305",".406",".305","91","0.6","-4.9","-10.9","0.3","5000"
"Salvador Perez","Royals","139","546","22","57","64","0","4.0%","21.8%",".191",".280",".247",".288",".438",".308","89","-4.3","-11.2","-5.1","0.3","7304"
"Ramiro Pena","Giants","30","91","1","9","10","0","2.2%","17.6%",".126",".357",".299",".330",".425",".322","101","0.2","0.3","-0.7","0.3","8841"
"Mark Reynolds","Rockies","118","441","14","61","53","1","9.5%","25.4%",".168",".361",".282",".356",".450",".349","101","-2.6","-2.0","-9.3","0.3","7619"
"Domingo Santana","Brewers","77","281","11","34","32","2","11.4%","32.4%",".191",".359",".256",".345",".447",".343","111","-1.3","2.6","-8.9","0.2","10348"
"Stephen Strasburg","Nationals","24","57","0","3","2","0","3.5%","19.3%",".021",".270",".208",".240",".229",".211","22","0.0","-5.5","6.2","0.2","10131"
"Chase d'Arnaud","Braves","84","262","1","24","21","9","8.8%","19.1%",".090",".303",".245",".317",".335",".287","76","1.4","-6.4","0.6","0.2","6652"
"Eric Hosmer","Royals","158","667","25","80","104","5","8.5%","19.8%",".167",".301",".266",".328",".433",".326","102","-5.5","-3.7","-16.9","0.2","3516"
"Robbie Ray","Diamondbacks","32","60","1","3","2","0","1.7%","43.3%",".094",".346",".189",".204",".283",".210","18","0.0","-6.1","6.5","0.2","11486"
"Coco Crisp","- - -","122","498","13","54","55","10","9.2%","15.7%",".166",".252",".231",".302",".397",".301","88","0.4","-6.7","-8.2","0.2","1572"
"Logan Schafer","Twins","26","74","0","8","1","0","10.8%","21.6%",".079",".319",".238",".342",".317",".300","84","0.9","-0.6","0.3","0.2","7937"
"Julio Teheran","Braves","31","61","0","1","2","0","1.6%","26.2%",".020",".303",".204",".220",".224",".197","15","0.0","-6.4","6.6","0.2","6797"
"Josh Rutledge","Red Sox","28","56","0","9","3","2","10.7%","33.9%",".122",".433",".265",".345",".388",".323","97","0.2","-0.1","0.2","0.2","11167"
"Bruce Maxwell","Athletics","33","101","1","8","14","0","7.9%","23.8%",".120",".368",".283",".337",".402",".321","102","-1.2","-0.9","-0.5","0.2","13866"
"Jurickson Profar","Rangers","90","307","5","35","20","2","9.8%","19.9%",".099",".291",".239",".321",".338",".295","75","-1.6","-10.9","2.4","0.2","10815"
"Scooter Gennett","Brewers","136","542","14","58","56","8","7.0%","21.0%",".149",".315",".263",".317",".412",".315","92","-2.8","-8.1","-6.8","0.2","10339"
"Guillermo Heredia","Mariners","45","107","1","12","12","1","11.2%","14.0%",".065",".289",".250",".349",".315",".303","93","0.9","0.0","-1.7","0.2","18721"
"Omar Narvaez","White Sox","34","117","1","13","10","0","12.0%","12.0%",".069",".295",".267",".350",".337",".304","90","-0.9","-2.3","0.2","0.2","13338"
"Manny Pina","Brewers","33","81","2","4","12","0","12.3%","18.5%",".141",".296",".254",".346",".394",".326","100","-1.0","-1.0","0.3","0.2","2829"
"Jeremy Hellickson","Phillies","32","66","0","3","4","0","6.1%","36.4%",".019",".300",".167",".224",".185",".190","11","0.0","-7.3","7.1","0.2","4371"
"Peter Bourjos","Phillies","123","383","5","40","23","6","4.4%","23.8%",".138",".323",".251",".292",".389",".291","78","2.6","-7.6","-2.4","0.2","2578"
"Max Scherzer","Nationals","34","85","0","4","12","0","2.4%","35.3%",".014",".325",".186",".208",".200",".183","3","0.0","-10.2","9.2","0.2","3137"
"Mac Williamson","Giants","54","127","6","14","15","0","10.2%","27.6%",".188",".268",".223",".315",".411",".317","98","-2.0","-2.3","0.0","0.2","14158"
"Eric Fryer","- - -","60","133","0","19","13","0","9.8%","18.8%",".052",".333",".267",".336",".319",".293","80","-0.7","-3.9","1.4","0.2","8145"
"Yuli Gurriel","Astros","36","137","3","13","15","1","3.6%","8.8%",".123",".267",".262",".292",".385",".292","84","-0.8","-3.4","0.2","0.2","19198"
"Bobby Wilson","- - -","75","251","7","25","33","0","4.4%","25.5%",".118",".292",".237",".270",".355",".270","62","0.1","-11.4","4.2","0.1","6564"
"Miguel Rojas","Marlins","123","214","1","27","14","2","5.1%","12.6%",".077",".280",".247",".288",".325",".265","65","-0.3","-9.5","4.2","0.1","7802"
"Johnny Giavotella","Angels","99","367","6","44","31","4","3.5%","10.6%",".116",".276",".260",".287",".376",".285","79","-2.2","-11.6","0.3","0.1","6740"
"Nick Franklin","Rays","60","191","6","18","26","6","6.3%","22.0%",".172",".325",".270",".328",".443",".331","109","2.5","4.7","-9.9","0.1","10166"
"Justin Smoak","Blue Jays","126","341","14","33","34","1","11.7%","32.8%",".174",".295",".217",".314",".391",".309","92","-0.9","-4.2","-6.2","0.1","9054"
"Brandon Nimmo","Mets","32","80","1","12","6","0","7.5%","25.0%",".055",".365",".274",".338",".329",".299","89","0.8","-0.3","-0.9","0.1","12927"
"Anthony Recker","Braves","33","112","2","6","15","1","14.3%","19.6%",".156",".343",".278",".394",".433",".361","125","0.2","3.6","-5.8","0.1","4063"
"Jabari Blash","Padres","38","84","3","7","5","1","13.1%","40.5%",".155",".265",".169",".298",".324",".282","75","0.4","-2.3","0.8","0.1","11247"
"Jeremy Hazelbaker","Cardinals","114","224","12","35","28","5","8.0%","28.6%",".245",".278",".235",".295",".480",".324","102","-0.4","0.0","-5.9","0.1","9399"
"Jacob deGrom","Mets","27","50","0","6","2","0","6.0%","24.0%",".024",".200",".143",".200",".167",".171","3","0.0","-6.0","5.4","0.1","10954"
"Jeff Samardzija","Giants","34","69","0","4","9","0","1.4%","40.6%",".078",".263",".156",".164",".234",".169","-1","0.0","-8.6","7.5","0.1","3254"
"Cory Spangenberg","Padres","14","53","1","6","8","1","7.5%","24.5%",".125",".294",".229",".302",".354",".289","79","1.4","0.0","-0.7","0.1","12294"
"Jason Coats","White Sox","28","58","1","8","4","1","8.6%","20.7%",".140",".243",".200",".298",".340",".285","77","0.5","-1.1","0.0","0.1","14282"
"Clayton Kershaw","Dodgers","23","50","0","2","3","0","2.0%","24.0%",".022",".235",".174",".191",".196",".172","2","0.0","-6.1","5.4","0.1","2036"
"Tyler Chatwood","Rockies","27","58","0","3","4","0","3.4%","24.1%",".038",".256",".189",".218",".226",".197","0","0.0","-7.2","6.3","0.1","4338"
"Joey Wendle","Athletics","28","104","1","11","11","2","5.8%","15.4%",".042",".296",".260",".298",".302",".265","64","-0.4","-4.8","2.1","0.1","13853"
"Jace Peterson","Braves","115","408","7","45","29","5","12.7%","16.9%",".111",".296",".254",".350",".366",".317","95","-1.8","-4.3","-7.6","0.1","12325"
"Byung-ho Park","Twins","62","244","12","28","24","1","8.6%","32.8%",".219",".230",".191",".275",".409",".294","79","1.5","-4.5","-3.1","0.1","18497"
"Richie Shaffer","Rays","20","54","1","5","4","0","9.3%","33.3%",".188",".367",".250",".315",".438",".321","102","0.0","0.1","-1.2","0.1","13271"
"Chris Heisey","Nationals","83","155","9","18","17","0","8.4%","28.4%",".230",".241",".216",".290",".446",".315","92","0.9","-0.7","-3.4","0.1","3978"
"Charlie Culberson","Dodgers","34","68","1","6","7","1","1.5%","19.1%",".090",".340",".284",".294",".373",".288","80","0.9","-0.8","-0.5","0.1","3298"
"Shawn O'Malley","Mariners","89","232","2","24","17","6","7.8%","25.4%",".090",".309",".229",".299",".319",".276","74","-0.7","-8.0","0.8","0.1","9629"
"Jaime Garcia","Cardinals","32","51","0","3","4","0","3.9%","33.3%",".000",".280",".171",".205",".171",".171","-1","0.0","-6.3","5.5","0.1","8137"
"Ivan De Jesus","Reds","104","243","1","21","20","3","7.0%","21.0%",".059",".324",".253",".311",".312",".277","66","-0.5","-10.5","3.7","0.1","9886"
"Justin Morneau","White Sox","58","218","6","16","25","0","5.5%","23.9%",".167",".320",".261",".303",".429",".311","95","0.3","-1.1","-5.7","0.1","1737"
"Ryan Flaherty","Orioles","74","176","3","16","15","2","9.7%","27.3%",".102",".290",".217",".291",".318",".269","64","0.7","-6.9","1.5","0.1","7888"
"Ehire Adrianza","Giants","40","71","2","3","7","0","2.8%","18.3%",".127",".292",".254",".299",".381",".297","84","-1.0","-2.4","0.9","0.1","8418"
"Lucas Duda","Mets","47","172","7","20","23","0","8.7%","20.9%",".183",".250",".229",".302",".412",".304","92","0.0","-1.7","-3.0","0.1","2502"
"Delino DeShields","Rangers","74","203","4","36","13","8","7.4%","26.6%",".104",".272",".209",".275",".313",".261","52","2.7","-9.1","2.7","0.1","11379"
"Tyler Austin","Yankees","31","90","5","7","12","1","7.8%","40.0%",".217",".357",".241",".300",".458",".324","101","0.7","0.8","-3.3","0.1","11850"
"Mike Leake","Cardinals","34","55","0","3","4","0","5.5%","34.5%",".020",".233",".143",".192",".163",".165","-5","0.0","-7.1","5.9","0.1","10130"
"Christian Colon","Royals","54","161","1","13","13","0","6.8%","19.3%",".061",".287",".231",".294",".293",".264","59","-1.9","-9.7","4.6","0.0","11145"
"Marco Hernandez","Red Sox","40","56","1","11","5","1","8.9%","17.9%",".078",".350",".294",".357",".373",".324","97","1.2","1.0","-2.5","0.0","13154"
"Tyler Collins","Tigers","56","151","4","14","15","1","8.6%","25.2%",".147",".295",".235",".305",".382",".299","85","0.4","-2.4","-2.4","0.0","12723"
"Juan Uribe","Indians","73","259","7","19","25","0","5.8%","18.9%",".126",".227",".206",".259",".332",".256","52","-1.1","-16.2","7.6","0.0","454"
"Jon Lester","Cubs","33","75","0","3","6","0","8.0%","24.0%",".051",".146",".102",".185",".153",".162","-9","0.0","-10.1","8.1","0.0","4930"
"Jimmy Rollins","White Sox","41","166","2","25","8","5","9.6%","19.9%",".107",".270",".221",".295",".329",".277","71","0.2","-5.6","0.2","0.0","971"
"Mitch Moreland","Rangers","147","503","22","49","60","1","7.0%","23.5%",".189",".266",".233",".298",".422",".307","83","-2.1","-12.2","-5.0","0.0","3086"
"David Lough","Phillies","30","79","0","6","4","1","11.4%","10.1%",".075",".267",".239",".342",".313",".292","79","-0.3","-2.3","0.0","0.0","7215"
"Anthony Gose","Tigers","30","101","2","11","7","0","8.9%","37.6%",".132",".333",".209",".287",".341",".277","70","-0.6","-4.2","0.9","0.0","5097"
"Enrique Hernandez","Dodgers","109","244","7","25","18","2","11.5%","26.2%",".134",".234",".190",".283",".324",".270","67","0.4","-9.4","1.9","0.0","10472"
"Hector Sanchez","- - -","28","54","3","3","8","0","7.4%","18.5%",".204",".278",".265",".333",".469",".346","117","-0.2","0.9","-2.6","0.0","10289"
"Kurt Suzuki","Twins","106","373","8","34","49","0","4.8%","12.9%",".145",".276",".258",".301",".403",".303","86","-4.4","-10.8","-2.0","0.0","8259"
"Jhonny Peralta","Cardinals","82","313","8","37","29","0","6.4%","17.9%",".149",".294",".260",".307",".408",".308","91","-1.9","-5.3","-4.5","0.0","1738"
"Robinson Chirinos","Rangers","57","170","9","21","20","0","8.8%","25.9%",".259",".250",".224",".314",".483",".338","105","-1.2","-0.3","-5.7","0.0","3142"
"Luis Sardinas","- - -","66","197","4","25","18","4","6.1%","24.4%",".111",".313",".244",".295",".356",".279","73","0.6","-5.7","-0.7","0.0","13153"
"Brandon Barnes","Rockies","48","109","0","10","8","1","2.8%","27.5%",".100",".314",".220",".250",".320",".247","33","0.6","-8.3","4.9","0.0","629"
"Tanner Roark","Nationals","34","75","0","1","3","0","6.7%","33.3%",".016",".205",".125",".188",".141",".157","-14","0.0","-10.5","8.1","0.0","8753"
"Teoscar Hernandez","Astros","41","112","4","15","11","0","9.8%","25.0%",".190",".275",".230",".304",".420",".308","95","-2.2","-2.8","-1.2","0.0","13066"
"Carlos Gomez","- - -","118","453","13","45","53","18","7.5%","30.0%",".153",".313",".231",".298",".384",".296","83","0.5","-8.5","-7.3","0.0","4881"
"Leury Garcia","White Sox","18","50","1","6","5","2","2.0%","26.0%",".125",".294",".229",".260",".354",".265","63","0.8","-1.4","-0.6","0.0","5913"
"Kenta Maeda","Dodgers","35","66","1","5","4","0","1.5%","24.2%",".070",".150",".123",".138",".193",".144","-17","0.0","-9.5","7.1","0.0","18498"
"Rob Segedin","Dodgers","40","83","2","9","12","0","7.2%","26.5%",".137",".294",".233",".301",".370",".292","82","0.4","-1.5","-1.5","0.0","11446"
"Brett Eibner","- - -","70","208","6","21","22","0","9.1%","24.0%",".160",".227",".193",".266",".353",".268","65","0.0","-8.8","1.3","0.0","11369"
"Chris Stewart","Pirates","34","113","1","10","7","0","10.6%","13.3%",".071",".244",".214",".319",".286",".271","66","-0.9","-5.6","1.6","0.0","3878"
"Jon Gray","Rockies","29","55","0","2","4","0","3.6%","54.5%",".043",".412",".149",".184",".191",".169","-19","0.0","-8.1","5.9","0.0","14916"
"Matt Wisler","Braves","29","53","0","2","2","0","1.9%","39.6%",".000",".269",".152",".167",".152",".142","-21","0.0","-7.9","5.7","-0.1","12804"
"Austin Jackson","White Sox","54","203","0","24","18","2","8.4%","19.2%",".088",".319",".254",".318",".343",".292","81","0.6","-4.0","-3.7","-0.1","9848"
"Jerad Eickhoff","Phillies","33","62","0","4","5","0","1.6%","19.4%",".049",".163",".131",".145",".180",".142","-22","0.0","-9.3","6.7","-0.1","12664"
"Brandon Finnegan","Reds","33","61","0","4","2","0","4.9%","29.5%",".038",".171",".113",".161",".151",".144","-23","0.0","-9.2","6.6","-0.1","16208"
"Hank Conger","Rays","49","137","3","6","10","0","8.8%","29.2%",".113",".259",".194",".265",".306",".254","57","-2.1","-9.1","3.6","-0.1","2505"
"Kyle Hendricks","Cubs","32","68","0","1","2","0","1.5%","42.6%",".000",".276",".138",".167",".138",".141","-23","0.0","-10.3","7.3","-0.1","12049"
"Josh Phegley","Athletics","26","86","1","11","10","0","5.8%","15.1%",".115",".292",".256",".314",".372",".300","88","-0.5","-1.8","-2.0","-0.1","9308"
"Gio Gonzalez","Nationals","32","59","0","1","2","0","0.0%","40.7%",".038",".241",".135",".148",".173",".141","-25","0.0","-9.1","6.4","-0.1","7448"
"Omar Infante","Royals","39","149","0","16","11","0","6.0%","15.4%",".082",".278",".239",".279",".321",".260","57","1.7","-5.9","-0.1","-0.1","1609"
"Chris Taylor","- - -","36","65","1","8","7","0","6.2%","23.1%",".148",".267",".213",".262",".361",".262","62","-0.2","-3.3","0.3","-0.1","13757"
"Gregorio Petit","Angels","89","223","2","21","17","1","6.7%","22.9%",".103",".316",".245",".299",".348",".282","76","-2.6","-8.9","0.2","-0.1","3812"
"Trevor Plouffe","Twins","84","344","12","35","47","1","5.5%","17.4%",".160",".284",".260",".303",".420",".311","91","-3.2","-7.0","-6.0","-0.1","7462"
"Cliff Pennington","Angels","74","188","3","18","10","1","6.9%","29.3%",".099",".289",".209",".265",".308",".253","57","-1.7","-11.4","3.7","-0.1","3395"
"Jorge Polanco","Twins","69","270","4","24","27","4","6.3%","17.0%",".143",".328",".282",".332",".424",".326","101","-1.4","-1.0","-9.6","-0.1","13152"
"Eduardo Escobar","Twins","105","377","6","32","37","1","5.6%","19.1%",".102",".280",".236",".280",".338",".269","63","0.1","-16.9","2.6","-0.1","6153"
"Josh Bell","Pirates","45","152","3","18","19","0","13.8%","12.5%",".133",".294",".273",".368",".406",".339","112","-1.4","0.8","-6.8","-0.1","13145"
"Taylor Motter","Rays","34","93","2","11","9","0","11.8%","20.4%",".113",".217",".188",".290",".300",".267","66","-1.3","-5.1","0.5","-0.1","12399"
"Shane Robinson","Angels","65","111","1","16","10","3","9.0%","15.3%",".061",".200",".173",".257",".235",".227","39","0.0","-8.1","2.9","-0.1","4249"
"Scott Kazmir","Dodgers","27","50","0","3","2","0","2.0%","48.0%",".000",".263",".116",".136",".116",".116","-36","0.0","-8.4","5.4","-0.1","4897"
"Desmond Jennings","Rays","65","225","7","22","20","2","9.3%","25.8%",".150",".243",".200",".281",".350",".278","73","0.9","-6.4","-2.9","-0.1","1965"
"Christian Bethancourt","Padres","73","204","6","20","25","1","4.9%","27.5%",".140",".288",".228",".265",".368",".273","68","-1.5","-9.5","1.6","-0.2","10028"
"Max Muncy","Athletics","51","133","2","13","8","0","15.0%","18.0%",".071",".218",".186",".308",".257",".262","62","-0.5","-6.6","0.4","-0.2","13301"
"Steven Moya","Tigers","31","100","5","9","11","0","5.0%","38.0%",".245",".365",".255",".290",".500",".331","106","-0.3","0.5","-5.6","-0.2","11854"
"Josh Thole","Blue Jays","50","136","1","7","7","0","9.6%","20.6%",".051",".209",".169",".254",".220",".220","31","-1.0","-12.2","5.8","-0.2","9689"
"Chad Pinder","Athletics","22","55","1","4","4","0","5.5%","25.5%",".137",".297",".235",".273",".373",".276","72","0.0","-1.9","-1.7","-0.2","15191"
"Jemile Weeks","Padres","17","57","0","5","2","1","5.3%","24.6%",".060",".194",".140",".204",".200",".185","10","1.1","-5.3","1.7","-0.2","2498"
"Bartolo Colon","Mets","34","65","1","4","2","0","1.5%","61.5%",".083",".211",".083",".098",".167",".114","-35","0.0","-10.8","7.0","-0.2","375"
"Yonder Alonso","Athletics","156","532","7","52","56","3","8.5%","13.9%",".114",".284",".253",".316",".367",".299","87","-2.8","-11.0","-9.2","-0.2","2530"
"Aaron Hicks","Yankees","123","361","8","32","31","3","8.3%","18.8%",".119",".248",".217",".281",".336",".270","64","-0.4","-16.1","1.7","-0.2","5297"
"Ben Gamel","- - -","33","57","1","9","5","0","10.5%","28.1%",".104",".258",".188",".278",".292",".258","60","0.6","-2.2","-1.8","-0.2","12160"
"Aaron Judge","Yankees","27","95","4","10","10","0","9.5%","44.2%",".167",".282",".179",".263",".345",".267","62","-0.5","-4.8","-0.5","-0.2","15640"
"Trevor Brown","Giants","75","184","5","17","19","0","5.4%","21.2%",".127",".279",".237",".283",".364",".282","74","-1.7","-7.5","-0.3","-0.2","13895"
"Tyler White","Astros","86","276","8","24","28","1","8.3%","23.6%",".161",".258",".217",".286",".378",".287","81","0.1","-6.3","-5.4","-0.2","15564"
"Dustin Garneau","Rockies","24","75","1","7","6","0","8.0%","29.3%",".132",".326",".235",".293",".368",".287","60","-0.6","-4.3","-0.2","-0.2","9433"
"Drew Stubbs","- - -","59","94","3","13","7","9","12.8%","40.4%",".113",".375",".225",".330",".338",".300","83","1.7","-0.2","-5.1","-0.2","9328"
"Bryan Holaday","- - -","44","129","2","17","14","0","5.4%","21.7%",".128",".281",".231",".281",".359",".277","64","1.4","-4.2","-2.5","-0.2","11287"
"Grant Green","Giants","18","50","1","7","7","0","6.0%","16.0%",".109",".289",".261",".300",".370",".290","80","-1.1","-2.4","-1.4","-0.2","10053"
"Daniel Nava","- - -","54","148","1","11","13","0","6.8%","20.3%",".069",".275",".223",".297",".292",".266","65","1.7","-4.5","-2.8","-0.2","5450"
"Chase Anderson","Brewers","31","52","0","3","1","0","1.9%","51.9%",".000",".222",".089",".128",".089",".105","-48","0.0","-9.5","5.6","-0.2","6895"
"Bryce Brentz","Red Sox","25","64","1","8","7","0","4.7%","26.6%",".098",".372",".279",".313",".377",".301","81","-0.3","-1.8","-2.8","-0.2","10607"
"Nick Buss","Angels","36","90","1","7","8","2","6.7%","26.7%",".148",".259",".198",".247",".346",".254","57","-0.8","-5.5","0.1","-0.2","6835"
"Tom Koehler","Marlins","33","56","0","1","4","0","1.8%","50.0%",".000",".217",".098",".115",".098",".098","-47","0.0","-10.1","6.0","-0.2","6570"
"John Lackey","Cubs","29","69","0","1","2","0","2.9%","44.9%",".032",".188",".095",".123",".127",".114","-41","0.0","-12.0","7.5","-0.2","1507"
"Cole Gillespie","Marlins","41","55","0","7","5","0","5.5%","25.5%",".137",".316",".235",".273",".373",".274","71","0.4","-1.6","-2.6","-0.3","5888"
"Johnny Cueto","Giants","32","84","0","1","5","0","2.4%","28.6%",".000",".170",".114",".137",".114",".115","-37","0.0","-14.2","9.1","-0.3","6893"
"Rob Refsnyder","Yankees","58","175","0","25","12","2","10.3%","17.1%",".059",".304",".250",".328",".309",".282","72","-1.9","-7.9","-0.7","-0.3","13770"
"Jerry Sands","White Sox","24","58","1","2","7","0","5.2%","41.4%",".055",".400",".236",".276",".291",".252","54","-0.4","-3.6","-1.1","-0.3","4016"
"Billy Butler","- - -","97","274","5","27","35","0","7.7%","15.3%",".132",".320",".284",".336",".416",".324","104","-5.1","-3.8","-8.4","-0.3","7399"
"A.J. Ellis","- - -","64","196","2","11","22","2","9.7%","15.8%",".082",".252",".216",".301",".298",".266","64","-1.3","-10.0","1.1","-0.3","5677"
"Chris Coghlan","- - -","99","300","6","35","30","2","11.7%","24.3%",".130",".235",".188",".290",".318",".269","65","1.2","-11.4","-1.3","-0.3","6878"
"Michael Martinez","- - -","63","106","1","16","4","0","3.8%","21.7%",".069",".299",".238",".267",".307",".252","49","-0.2","-6.7","0.2","-0.3","7358"
"Joey Rickard","Orioles","85","282","5","32","19","4","6.4%","19.1%",".109",".320",".268",".319",".377",".304","88","0.7","-3.3","-9.3","-0.3","13277"
"James Loney","Mets","100","366","9","30","34","0","4.4%","10.1%",".131",".275",".265",".307",".397",".302","91","-1.6","-5.8","-8.5","-0.3","4556"
"Carlos Perez","Angels","87","291","5","25","31","1","4.1%","16.8%",".116",".236",".209",".244",".325",".246","52","-0.6","-17.4","4.3","-0.3","10642"
"Orlando Arcia","Brewers","55","216","4","21","17","8","6.9%","21.8%",".139",".267",".219",".273",".358",".274","65","1.2","-8.1","-1.7","-0.3","13185"
"Ryan Raburn","Rockies","113","256","9","30","30","0","10.9%","31.3%",".184",".292",".220",".309",".404",".309","75","0.8","-7.2","-3.8","-0.3","2218"
"Jimmy Nelson","Brewers","32","59","0","1","3","0","3.4%","54.2%",".000",".222",".080",".115",".080",".094","-56","0.0","-11.3","6.4","-0.3","10547"
"Yolmer Sanchez","White Sox","53","163","4","15","21","0","3.1%","25.8%",".149",".257",".208",".236",".357",".253","55","-0.2","-9.0","0.2","-0.3","11602"
"Nolan Reimold","Orioles","104","227","6","25","15","1","9.7%","27.3%",".143",".287",".222",".300",".365",".292","80","-2.8","-8.4","-2.6","-0.3","3441"
"Zach Davies","Brewers","28","61","0","2","1","0","1.6%","36.1%",".000",".161",".094",".111",".094",".094","-56","0.0","-11.7","6.6","-0.3","13183"
"Gordon Beckham","- - -","88","279","5","25","31","1","9.3%","18.6%",".135",".245",".212",".294",".347",".281","71","-1.3","-11.3","-0.7","-0.3","9015"
"Xavier Scruggs","Marlins","24","69","1","1","5","0","7.2%","29.0%",".097",".293",".210",".290",".306",".269","68","-1.9","-4.7","-0.8","-0.3","7409"
"Stephen Cardullo","Rockies","27","59","2","5","6","0","5.1%","20.3%",".196",".238",".214",".254",".411",".282","57","-0.7","-3.9","-1.4","-0.3","11204"
"Nick Hundley","Rockies","83","317","10","30","48","0","7.9%","20.5%",".180",".302",".260",".320",".439",".323","84","-1.8","-8.0","-5.3","-0.4","3376"
"Eric Campbell","Mets","40","88","1","9","9","1","11.4%","27.3%",".053",".235",".173",".284",".227",".237","47","0.3","-5.5","-0.7","-0.4","6938"
"Aaron Altherr","Phillies","57","227","4","23","23","7","10.1%","30.4%",".091",".288",".202",".304",".293",".270","64","-0.2","-10.3","-0.2","-0.4","11270"
"Hanser Alberto","Rangers","35","58","0","2","5","1","0.0%","29.3%",".018",".205",".143",".143",".161",".132","-37","-1.3","-10.9","5.3","-0.4","11902"
"Ketel Marte","Mariners","119","466","1","55","33","11","3.9%","18.0%",".064",".313",".259",".287",".323",".266","67","1.3","-17.0","-2.8","-0.4","13613"
"Colin Walsh","Brewers","38","63","0","4","2","0","23.8%","34.9%",".021",".160",".085",".317",".106",".237","40","-0.6","-5.3","-0.4","-0.4","10961"
"Casey McGehee","Tigers","30","96","0","4","1","0","3.1%","14.6%",".011",".269",".228",".260",".239",".225","34","-1.0","-8.6","1.5","-0.4","6086"
"Ji-Man Choi","Angels","54","129","5","9","12","2","12.4%","20.9%",".170",".173",".170",".271",".339",".267","66","-1.8","-7.0","-1.2","-0.4","5452"
"Ruben Tejada","- - -","36","78","0","9","5","0","9.0%","16.7%",".076",".196",".167",".247",".242",".221","34","0.2","-6.2","0.0","-0.4","5519"
"Jimmy Paredes","- - -","83","167","5","15","19","0","4.2%","28.7%",".146",".283",".222",".253",".367",".266","62","1.4","-6.5","-2.6","-0.4","5481"
"Socrates Brito","Diamondbacks","40","97","4","10","12","2","2.1%","23.7%",".179",".191",".179",".196",".358",".233","34","0.4","-7.5","0.6","-0.4","12944"
"Jake Smolinski","Athletics","99","319","7","28","27","1","6.0%","13.8%",".107",".257",".238",".299",".345",".284","77","-3.6","-12.4","-2.4","-0.4","5408"
"Dustin Ackley","Yankees","28","70","0","6","4","0","11.4%","12.9%",".000",".170",".148",".243",".148",".192","10","1.4","-6.2","-0.1","-0.4","10099"
"Austin Romine","Yankees","62","176","4","17","26","1","4.0%","17.6%",".139",".271",".242",".269",".382",".275","67","0.6","-6.3","-3.9","-0.4","5491"
"Alejandro De Aza","Mets","130","267","6","31","25","4","9.7%","25.1%",".115",".259",".205",".297",".321",".276","73","-1.2","-9.9","-2.5","-0.4","3371"
"John Ryan Murphy","Twins","26","90","1","4","3","0","5.6%","21.1%",".073",".175",".146",".193",".220",".184","4","-0.2","-10.6","3.2","-0.4","10346"
"Tony Renda","Reds","32","67","0","4","3","0","7.5%","16.4%",".033",".224",".183",".246",".217",".213","24","-0.9","-7.2","0.9","-0.4","13443"
"Kaleb Cowart","Angels","31","87","1","8","8","0","0.0%","26.4%",".082",".226",".176",".184",".259",".190","13","1.1","-8.0","0.7","-0.4","11494"
"Devin Mesoraco","Reds","16","55","0","2","1","0","9.1%","18.2%",".020",".175",".140",".218",".160",".181","2","-0.7","-7.4","1.3","-0.4","5666"
"Scott Van Slyke","Dodgers","52","113","1","10","7","1","4.4%","21.2%",".088",".282",".225",".292",".314",".267","66","-1.3","-6.1","-1.9","-0.5","4365"
"Adam Lind","Mariners","126","430","20","48","58","0","6.0%","20.7%",".192",".259",".239",".286",".431",".304","93","-2.8","-6.2","-13.0","-0.5","8027"
"Chad Bettis","Rockies","32","58","0","2","2","0","6.9%","36.2%",".000",".071",".041",".113",".041",".085","-75","0.0","-12.5","6.3","-0.5","10587"
"Caleb Joseph","Orioles","49","141","0","7","0","0","5.0%","19.9%",".023",".221",".174",".216",".197",".188","8","-0.7","-16.2","6.8","-0.5","7087"
"Jake Elmore","Brewers","59","99","0","7","4","2","17.2%","17.2%",".026",".279",".218",".371",".244",".293","78","-2.0","-4.7","-2.9","-0.5","7290"
"Rafael Ortega","Angels","66","202","1","24","16","8","6.4%","11.4%",".059",".261",".232",".283",".292",".257","59","0.9","-9.1","-2.5","-0.5","10323"
"Nick Ahmed","Diamondbacks","90","308","4","26","20","5","4.9%","18.8%",".081",".258",".218",".265",".299",".245","42","0.8","-21.3","7.1","-0.5","12147"
"Adalberto Mondesi","Royals","47","149","2","16","13","9","4.0%","32.2%",".096",".271",".185",".231",".281",".226","33","2.8","-9.1","-0.9","-0.5","13769"
"Steve Clevenger","Mariners","22","76","1","7","7","0","10.5%","18.4%",".088",".264",".221",".303",".309",".275","74","-0.7","-3.2","-4.6","-0.5","9542"
"Chris Gimenez","Indians","68","155","4","17","11","0","6.5%","26.5%",".115",".274",".216",".272",".331",".265","57","-2.7","-10.6","0.1","-0.5","7324"
"Brett Wallace","Padres","119","256","6","19","20","0","11.3%","32.4%",".129",".271",".189",".309",".318",".280","73","0.1","-8.4","-4.8","-0.5","8434"
"Yadiel Rivera","Brewers","35","71","0","12","3","0","2.8%","28.2%",".061",".304",".212",".235",".273",".223","30","0.1","-6.0","-1.4","-0.5","11863"
"Tony Kemp","Astros","59","136","1","15","7","2","10.3%","19.9%",".108",".269",".217",".296",".325",".275","73","-0.7","-5.1","-4.8","-0.5","14894"
"Peter O'Brien","Diamondbacks","28","67","5","6","9","0","4.5%","40.3%",".250",".125",".141",".179",".391",".225","29","-0.1","-6.0","-1.6","-0.6","13288"
"Alex Presley","- - -","50","134","3","12","11","0","8.2%","18.7%",".091",".223",".198",".269",".289",".247","47","1.1","-7.6","-2.1","-0.6","5305"
"Chris Iannetta","Mariners","94","338","7","23","24","0","11.2%","24.6%",".119",".266",".210",".303",".329",".282","78","-1.0","-9.7","-7.6","-0.6","8267"
"Jordan Pacheco","Reds","31","51","0","1","0","0","0.0%","27.5%",".078",".216",".157",".157",".235",".166","-8","0.1","-6.7","-0.6","-0.6","2677"
"Jed Lowrie","Athletics","87","369","2","30","27","0","7.0%","17.6%",".059",".316",".263",".314",".322",".282","76","-4.6","-15.3","-3.1","-0.6","4418"
"Tuffy Gosewisch","Diamondbacks","33","99","3","8","7","0","7.1%","22.2%",".133",".169",".156",".224",".289",".228","30","0.6","-8.0","-0.8","-0.6","5277"
"Tyler Holt","Reds","106","208","0","21","13","4","11.1%","23.1%",".061",".318",".235",".327",".296",".283","71","0.6","-6.9","-5.3","-0.6","11391"
"Emmanuel Burriss","Phillies","39","50","0","3","0","1","4.0%","20.0%",".067",".143",".111",".184",".178",".169","-4","0.6","-5.8","-1.6","-0.6","2917"
"Cody Asche","Phillies","71","218","4","22","18","3","8.3%","24.8%",".137",".271",".213",".284",".350",".279","70","1.0","-7.1","-5.7","-0.6","11997"
"Alexi Amarista","Padres","65","150","0","9","11","9","5.3%","17.3%",".014",".313",".257",".295",".271",".248","52","-0.7","-9.6","-1.0","-0.6","9063"
"Yan Gomes","Indians","74","264","9","22","34","0","3.4%","26.1%",".159",".189",".167",".201",".327",".225","30","-0.3","-22.4","7.2","-0.6","9627"
"Jaff Decker","Rays","19","57","0","1","1","1","7.0%","24.6%",".019",".205",".154",".211",".173",".178","5","0.5","-6.1","-2.1","-0.6","7945"
"Dan Straily","Reds","34","65","0","2","1","0","3.1%","61.5%",".000",".083",".019",".056",".019",".042","-91","0.0","-15.3","7.0","-0.6","9460"
"Billy Burns","- - -","97","332","0","39","13","17","3.0%","11.1%",".061",".264",".235",".271",".296",".247","51","4.1","-15.4","-2.3","-0.6","12701"
"Gregor Blanco","Giants","106","274","1","28","18","6","10.6%","18.6%",".087",".279",".224",".309",".311",".272","68","0.4","-10.4","-4.8","-0.7","3123"
"A.J. Reed","Astros","45","141","3","11","8","0","12.8%","34.0%",".098",".236",".164",".270",".262",".245","52","0.0","-8.2","-3.6","-0.7","16246"
"Carl Crawford","Dodgers","30","87","0","8","6","0","4.6%","12.6%",".049",".211",".185",".230",".235",".208","26","-0.3","-8.3","-1.6","-0.7","1201"
"Tyler Ladendorf","Athletics","45","50","0","6","1","2","2.0%","26.0%",".000",".114",".083",".102",".083",".086","-59","0.1","-9.5","0.4","-0.7","3211"
"Darin Ruf","Phillies","43","89","3","8","9","0","4.5%","28.1%",".133",".246",".205",".236",".337",".245","48","-1.1","-6.9","-3.4","-0.8","9929"
"Danny Santana","Twins","75","248","2","29","14","12","4.8%","22.2%",".086",".305",".240",".279",".326",".265","60","-0.8","-12.8","-3.4","-0.8","10322"
"Erik Kratz","- - -","33","87","1","3","4","0","1.1%","36.8%",".059",".135",".094",".105",".153",".111","-41","-0.1","-15.0","4.5","-0.8","4403"
"Chris Johnson","Marlins","113","264","5","20","24","0","7.2%","29.5%",".107",".306",".222",".281",".329",".267","66","-2.9","-13.9","-2.5","-0.8","1191"
"Ryan Goins","Blue Jays","77","196","3","13","12","1","4.6%","24.5%",".120",".235",".186",".228",".306",".232","39","-1.1","-15.3","0.3","-0.8","9807"
"Daniel Castro","Braves","47","139","0","8","7","1","5.0%","17.3%",".008",".245",".200",".241",".208",".201","18","-1.2","-15.3","2.6","-0.9","15450"
"Jarrod Saltalamacchia","Tigers","92","292","12","30","38","0","14.0%","35.6%",".175",".222",".171",".284",".346",".277","70","0.9","-9.8","-9.1","-0.9","5557"
"Juan Centeno","Twins","55","192","3","16","25","0","6.3%","19.8%",".131",".319",".261",".312",".392",".306","88","-2.7","-5.5","-10.0","-0.9","7168"
"Preston Tucker","Astros","48","144","4","11","8","0","5.6%","27.8%",".164",".200",".164",".222",".328",".239","48","0.5","-8.6","-5.5","-0.9","13633"
"Ben Paulsen","Rockies","39","97","1","8","11","0","5.2%","27.8%",".087",".297",".217",".258",".304",".243","30","-0.2","-8.6","-3.9","-1.0","9741"
"Ryan Howard","Phillies","112","362","25","35","59","0","7.5%","31.5%",".257",".205",".196",".257",".453",".298","83","-2.3","-10.1","-10.7","-1.0","2154"
"Mark Teixeira","Yankees","116","438","15","43","44","2","10.7%","24.0%",".158",".238",".204",".292",".362",".287","76","-2.0","-14.9","-10.1","-1.0","1281"
"Cristhian Adames","Rockies","121","256","2","25","17","2","9.4%","18.4%",".084",".267",".218",".304",".302",".274","51","-0.7","-16.0","-1.9","-1.0","6013"
"Ryan Hanigan","Red Sox","35","113","1","9","14","0","6.2%","23.9%",".067",".221",".171",".230",".238",".212","21","-0.1","-10.9","-2.9","-1.0","4952"
"Clint Robinson","Nationals","104","224","5","16","26","0","8.9%","17.0%",".097",".259",".235",".305",".332",".282","70","-2.7","-11.1","-5.8","-1.0","6908"
"Mikie Mahtook","Rays","65","196","3","16","11","0","3.6%","34.7%",".097",".287",".195",".231",".292",".229","39","-2.4","-16.7","-0.2","-1.0","13130"
"Ben Revere","Nationals","103","375","2","44","24","14","4.8%","9.1%",".083",".234",".217",".260",".300",".246","46","0.7","-24.4","2.6","-1.0","4712"
"Erick Aybar","- - -","126","459","3","34","34","3","6.8%","15.3%",".077",".283",".243",".303",".320",".271","65","-3.9","-23.7","-1.1","-1.0","4082"
"Oswaldo Arcia","- - -","69","222","8","17","23","1","8.1%","36.0%",".163",".287",".203",".270",".366",".277","70","-0.2","-8.3","-9.7","-1.1","10306"
"Alex Rodriguez","Yankees","65","243","9","19","31","3","5.8%","27.6%",".151",".237",".200",".247",".351",".258","56","-0.2","-13.2","-6.2","-1.1","1274"
"Tyler Goeddel","Phillies","92","234","4","17","16","3","7.3%","22.2%",".099",".234",".192",".258",".291",".244","47","1.5","-13.8","-4.5","-1.1","13180"
"Mike Aviles","Tigers","68","181","1","17","6","2","5.0%","14.9%",".060",".245",".210",".258",".269",".236","42","-0.5","-13.2","-5.4","-1.3","5986"
"Ramon Flores","Brewers","104","289","2","18","19","3","10.7%","20.1%",".056",".254",".205",".294",".261",".250","49","-1.2","-19.4","-2.0","-1.3","11165"
"JB Shuck","White Sox","81","241","4","27","14","3","5.0%","8.7%",".094",".210",".205",".248",".299",".240","46","0.4","-15.3","-5.5","-1.3","6677"
"Ryan Zimmerman","Nationals","115","467","15","60","46","4","6.2%","22.3%",".152",".248",".218",".272",".370",".277","66","0.9","-18.6","-9.8","-1.4","4220"
"Alexei Ramirez","- - -","145","506","6","38","48","8","4.2%","12.5%",".092",".265",".241",".277",".333",".264","63","-2.6","-25.9","-5.5","-1.6","5133"
"A.J. Pierzynski","Braves","81","259","2","15","23","1","2.3%","11.2%",".085",".237",".219",".243",".304",".236","41","-2.6","-21.5","-3.6","-1.7","746"
"Dioner Navarro","- - -","101","334","6","26","35","1","6.9%","21.3%",".115",".248",".207",".265",".322",".258","58","-1.6","-18.4","-10.9","-1.8","3179"
"Ramon Cabrera","Reds","61","185","3","11","23","1","4.3%","16.2%",".111",".277",".246",".279",".357",".272","63","-1.6","-10.0","-13.5","-1.8","10327"
"Prince Fielder","Rangers","89","370","8","29","44","0","8.6%","17.0%",".123",".235",".212",".292",".334",".276","62","-2.6","-19.5","-11.1","-1.8","4613"
"Gerardo Parra","Rockies","102","381","7","45","39","6","2.4%","19.2%",".147",".297",".253",".271",".399",".284","58","-3.7","-23.3","-7.0","-1.9","8553"
